id,categoria,pergunta,resposta,rota,ok,fonte
"1","SAUDACAO","oi","Oi! Sou o Tuma IA, assistente de criação de artes da FYT. O que você precisa hoje?","identity","true","deterministic"
"2","SAUDACAO","oi?","Oi! Sou o Tuma IA, assistente de criação de artes da FYT. O que você precisa hoje?","identity","true","deterministic"
"3","SAUDACAO","oi por favor","Na FYT posso ajudar com Mídias, posts e informações cadastradas — o que você precisa?","canonical","true","canonical"
"4","SAUDACAO","olá","Oi! Sou o Tuma IA, assistente de criação de artes da FYT. O que você precisa hoje?","identity","true","deterministic"
"5","SAUDACAO","olá?","Oi! Sou o Tuma IA, assistente de criação de artes da FYT. O que você precisa hoje?","identity","true","deterministic"
"6","SAUDACAO","olá por favor","Na FYT posso ajudar com Mídias, posts e informações cadastradas — o que você precisa?","canonical","true","canonical"
"7","SAUDACAO","ola","Oi! Sou o Tuma IA, assistente de criação de artes da FYT. O que você precisa hoje?","identity","true","deterministic"
"8","SAUDACAO","ola?","Oi! Sou o Tuma IA, assistente de criação de artes da FYT. O que você precisa hoje?","identity","true","deterministic"
"9","SAUDACAO","ola por favor","Na FYT posso ajudar com Mídias, posts e informações cadastradas — o que você precisa?","canonical","true","canonical"
"10","SAUDACAO","e aí","Oi! Sou o Tuma IA, assistente de criação de artes da FYT. O que você precisa hoje?","identity","true","deterministic"
"11","SAUDACAO","e aí?","Oi! Sou o Tuma IA, assistente de criação de artes da FYT. O que você precisa hoje?","identity","true","deterministic"
"12","SAUDACAO","e aí por favor","Na FYT posso ajudar com Mídias, posts e informações cadastradas — o que você precisa?","canonical","true","canonical"
"13","SAUDACAO","e ai","Oi! Sou o Tuma IA, assistente de criação de artes da FYT. O que você precisa hoje?","identity","true","deterministic"
"14","SAUDACAO","e ai?","Oi! Sou o Tuma IA, assistente de criação de artes da FYT. O que você precisa hoje?","identity","true","deterministic"
"15","SAUDACAO","e ai por favor","Na FYT posso ajudar com Mídias, posts e informações cadastradas — o que você precisa?","canonical","true","canonical"
"16","SAUDACAO","fala","Oi! Sou o Tuma IA, assistente de criação de artes da FYT. O que você precisa hoje?","identity","true","deterministic"
"17","SAUDACAO","fala?","Oi! Sou o Tuma IA, assistente de criação de artes da FYT. O que você precisa hoje?","identity","true","deterministic"
"18","SAUDACAO","fala por favor","Na FYT posso ajudar com Mídias, posts e informações cadastradas — o que você precisa?","canonical","true","canonical"
"19","SAUDACAO","opa","Oi! Sou o Tuma IA, assistente de criação de artes da FYT. O que você precisa hoje?","identity","true","deterministic"
"20","SAUDACAO","opa?","Oi! Sou o Tuma IA, assistente de criação de artes da FYT. O que você precisa hoje?","identity","true","deterministic"
"21","SAUDACAO","opa por favor","Na FYT posso ajudar com Mídias, posts e informações cadastradas — o que você precisa?","canonical","true","canonical"
"22","SAUDACAO","bom dia","Bom dia! Sou o Tuma IA, da FYT. O que você precisa hoje?","identity","true","deterministic"
"23","SAUDACAO","bom dia?","Bom dia! Sou o Tuma IA, da FYT. O que você precisa hoje?","identity","true","deterministic"
"24","SAUDACAO","bom dia por favor","Na FYT posso ajudar com Mídias, posts e informações cadastradas — o que você precisa?","canonical","true","canonical"
"25","SAUDACAO","boa tarde","Boa tarde! Sou o Tuma IA, da FYT. Em que posso ajudar?","identity","true","deterministic"
"26","SAUDACAO","boa tarde?","Boa tarde! Sou o Tuma IA, da FYT. Em que posso ajudar?","identity","true","deterministic"
"27","SAUDACAO","boa tarde por favor","Na FYT posso ajudar com Mídias, posts e informações cadastradas — o que você precisa?","canonical","true","canonical"
"28","SAUDACAO","boa noite","Boa noite! Sou o Tuma IA, da FYT. Em que posso ajudar?","identity","true","deterministic"
"29","SAUDACAO","boa noite?","Boa noite! Sou o Tuma IA, da FYT. Em que posso ajudar?","identity","true","deterministic"
"30","SAUDACAO","boa noite por favor","Na FYT posso ajudar com Mídias, posts e informações cadastradas — o que você precisa?","canonical","true","canonical"
"31","SAUDACAO","oi tudo bem","Oi! Sou o Tuma IA, assistente de criação de artes da FYT. O que você precisa hoje?","identity","true","deterministic"
"32","SAUDACAO","oi tudo bem?","Oi! Sou o Tuma IA, assistente de criação de artes da FYT. O que você precisa hoje?","identity","true","deterministic"
"33","SAUDACAO","oi tudo bem por favor","Na FYT posso ajudar com Mídias, posts e informações cadastradas — o que você precisa?","canonical","true","canonical"
"34","SAUDACAO","eae","Na FYT posso ajudar com Mídias, posts e informações cadastradas — o que você precisa?","canonical","true","canonical"
"35","SAUDACAO","eae?","Na FYT posso ajudar com Mídias, posts e informações cadastradas — o que você precisa?","canonical","true","canonical"
"36","SAUDACAO","eae por favor","Na FYT posso ajudar com Mídias, posts e informações cadastradas — o que você precisa?","canonical","true","canonical"
"37","SAUDACAO","hey","Na FYT posso ajudar com Mídias, posts e informações cadastradas — o que você precisa?","canonical","true","canonical"
"38","SAUDACAO","hey?","Na FYT posso ajudar com Mídias, posts e informações cadastradas — o que você precisa?","canonical","true","canonical"
"39","SAUDACAO","hey por favor","Na FYT posso ajudar com Mídias, posts e informações cadastradas — o que você precisa?","canonical","true","canonical"
"40","SAUDACAO","salve","Na FYT posso ajudar com Mídias, posts e informações cadastradas — o que você precisa?","canonical","true","canonical"
"41","SAUDACAO","salve?","Na FYT posso ajudar com Mídias, posts e informações cadastradas — o que você precisa?","canonical","true","canonical"
"42","SAUDACAO","salve por favor","Na FYT posso ajudar com Mídias, posts e informações cadastradas — o que você precisa?","canonical","true","canonical"
"43","SAUDACAO","fala aí","Oi! Sou o Tuma IA, assistente de criação de artes da FYT. O que você precisa hoje?","identity","true","deterministic"
"44","SAUDACAO","fala aí?","Oi! Sou o Tuma IA, assistente de criação de artes da FYT. O que você precisa hoje?","identity","true","deterministic"
"45","SAUDACAO","fala aí por favor","Na FYT posso ajudar com Mídias, posts e informações cadastradas — o que você precisa?","canonical","true","canonical"
"46","IDENTIDADE","qual seu nome","Meu nome é Tuma IA — assistente de criação de artes da FYT.","identity","true","deterministic"
"47","IDENTIDADE","oi qual seu nome","Meu nome é Tuma IA — assistente de criação de artes da FYT.","identity","true","deterministic"
"48","IDENTIDADE","bom dia qual seu nome","Meu nome é Tuma IA — assistente de criação de artes da FYT.","identity","true","deterministic"
"49","IDENTIDADE","e aí qual seu nome","Meu nome é Tuma IA — assistente de criação de artes da FYT.","identity","true","deterministic"
"50","IDENTIDADE","qualseunome","Na FYT posso ajudar com Mídias, posts e informações cadastradas — o que você precisa?","canonical","true","canonical"
"51","IDENTIDADE","como você se chama","Meu nome é Tuma IA — assistente de criação de artes da FYT.","identity","true","deterministic"
"52","IDENTIDADE","oi como você se chama","Meu nome é Tuma IA — assistente de criação de artes da FYT.","identity","true","deterministic"
"53","IDENTIDADE","bom dia como você se chama","Meu nome é Tuma IA — assistente de criação de artes da FYT.","identity","true","deterministic"
"54","IDENTIDADE","e aí como você se chama","Meu nome é Tuma IA — assistente de criação de artes da FYT.","identity","true","deterministic"
"55","IDENTIDADE","como voce se chama","Meu nome é Tuma IA — assistente de criação de artes da FYT.","identity","true","deterministic"
"56","IDENTIDADE","quem é você","Na FYT posso ajudar com Mídias, posts e informações cadastradas — o que você precisa?","canonical","true","canonical"
"57","IDENTIDADE","oi quem é você","Na FYT posso ajudar com Mídias, posts e informações cadastradas — o que você precisa?","canonical","true","canonical"
"58","IDENTIDADE","bom dia quem é você","Na FYT posso ajudar com Mídias, posts e informações cadastradas — o que você precisa?","canonical","true","canonical"
"59","IDENTIDADE","e aí quem é você","Na FYT posso ajudar com Mídias, posts e informações cadastradas — o que você precisa?","canonical","true","canonical"
"60","IDENTIDADE","quem é voce","Sou o Tuma IA, assistente de criação de artes da FYT. Ajudo com posts e conteúdo pro Instagram — falo como alguém do marketing de vocês.","identity","true","deterministic"
"61","IDENTIDADE","quem é vc","Sou o Tuma IA, assistente de criação de artes da FYT. Ajudo com posts e conteúdo pro Instagram — falo como alguém do marketing de vocês.","identity","true","deterministic"
"62","IDENTIDADE","oi quem é vc","Sou o Tuma IA, assistente de criação de artes da FYT. Ajudo com posts e conteúdo pro Instagram — falo como alguém do marketing de vocês.","identity","true","deterministic"
"63","IDENTIDADE","bom dia quem é vc","Sou o Tuma IA, assistente de criação de artes da FYT. Ajudo com posts e conteúdo pro Instagram — falo como alguém do marketing de vocês.","identity","true","deterministic"
"64","IDENTIDADE","e aí quem é vc","Sou o Tuma IA, assistente de criação de artes da FYT. Ajudo com posts e conteúdo pro Instagram — falo como alguém do marketing de vocês.","identity","true","deterministic"
"65","IDENTIDADE","quemévc","Na FYT posso ajudar com Mídias, posts e informações cadastradas — o que você precisa?","canonical","true","canonical"
"66","IDENTIDADE","vc é quem","Sou o Tuma IA, da FYT — ajudo com posts, artes e o que tem cadastrado em Mídias.","identity","true","deterministic"
"67","IDENTIDADE","oi vc é quem","Sou o Tuma IA, da FYT — ajudo com posts, artes e o que tem cadastrado em Mídias.","identity","true","deterministic"
"68","IDENTIDADE","bom dia vc é quem","Sou o Tuma IA, da FYT — ajudo com posts, artes e o que tem cadastrado em Mídias.","identity","true","deterministic"
"69","IDENTIDADE","e aí vc é quem","Sou o Tuma IA, da FYT — ajudo com posts, artes e o que tem cadastrado em Mídias.","identity","true","deterministic"
"70","IDENTIDADE","vcéquem","Na FYT posso ajudar com Mídias, posts e informações cadastradas — o que você precisa?","canonical","true","canonical"
"71","IDENTIDADE","o que é vc","Sou o Tuma IA, da FYT — ajudo com posts, artes e o que tem cadastrado em Mídias.","identity","true","deterministic"
"72","IDENTIDADE","oi o que é vc","Sou o Tuma IA, da FYT — ajudo com posts, artes e o que tem cadastrado em Mídias.","identity","true","deterministic"
"73","IDENTIDADE","bom dia o que é vc","Sou o Tuma IA, da FYT — ajudo com posts, artes e o que tem cadastrado em Mídias.","identity","true","deterministic"
"74","IDENTIDADE","e aí o que é vc","Sou o Tuma IA, da FYT — ajudo com posts, artes e o que tem cadastrado em Mídias.","identity","true","deterministic"
"75","IDENTIDADE","oqueévc","Na FYT posso ajudar com Mídias, posts e informações cadastradas — o que você precisa?","canonical","true","canonical"
"76","IDENTIDADE","o que você faz","Ajudo a FYT com posts e artes pro Instagram usando as fotos de Mídias, tiro dúvidas sobre produtos do acervo e sobre o cadastro da empresa.","identity","true","deterministic"
"77","IDENTIDADE","oi o que você faz","Ajudo a FYT com posts e artes pro Instagram usando as fotos de Mídias, tiro dúvidas sobre produtos do acervo e sobre o cadastro da empresa.","identity","true","deterministic"
"78","IDENTIDADE","bom dia o que você faz","Ajudo a FYT com posts e artes pro Instagram usando as fotos de Mídias, tiro dúvidas sobre produtos do acervo e sobre o cadastro da empresa.","identity","true","deterministic"
"79","IDENTIDADE","e aí o que você faz","Ajudo a FYT com posts e artes pro Instagram usando as fotos de Mídias, tiro dúvidas sobre produtos do acervo e sobre o cadastro da empresa.","identity","true","deterministic"
"80","IDENTIDADE","o que voce faz","Ajudo a FYT com posts e artes pro Instagram usando as fotos de Mídias, tiro dúvidas sobre produtos do acervo e sobre o cadastro da empresa.","identity","true","deterministic"
"81","IDENTIDADE","pra que vc serve","Sirvo a FYT no marketing visual: listo produtos das fotos em Mídias, explico a empresa e contextos cadastrados, e monto posts/artes pro Instagram. Quando você pedir uma arte, o painel mostra o resumo antes da prévia.","identity","true","deterministic"
"82","IDENTIDADE","oi pra que vc serve","Sirvo a FYT no marketing visual: listo produtos das fotos em Mídias, explico a empresa e contextos cadastrados, e monto posts/artes pro Instagram. Quando você pedir uma arte, o painel mostra o resumo antes da prévia.","identity","true","deterministic"
"83","IDENTIDADE","bom dia pra que vc serve","Sirvo a FYT no marketing visual: listo produtos das fotos em Mídias, explico a empresa e contextos cadastrados, e monto posts/artes pro Instagram. Quando você pedir uma arte, o painel mostra o resumo antes da prévia.","identity","true","deterministic"
"84","IDENTIDADE","e aí pra que vc serve","Sirvo a FYT no marketing visual: listo produtos das fotos em Mídias, explico a empresa e contextos cadastrados, e monto posts/artes pro Instagram. Quando você pedir uma arte, o painel mostra o resumo antes da prévia.","identity","true","deterministic"
"85","IDENTIDADE","praquevcserve","Na FYT posso ajudar com Mídias, posts e informações cadastradas — o que você precisa?","canonical","true","canonical"
"86","IDENTIDADE","para oq vc serve","Sirvo a FYT no marketing visual: listo produtos das fotos em Mídias, explico a empresa e contextos cadastrados, e monto posts/artes pro Instagram. Quando você pedir uma arte, o painel mostra o resumo antes da prévia.","identity","true","deterministic"
"87","IDENTIDADE","oi para oq vc serve","Sirvo a FYT no marketing visual: listo produtos das fotos em Mídias, explico a empresa e contextos cadastrados, e monto posts/artes pro Instagram. Quando você pedir uma arte, o painel mostra o resumo antes da prévia.","identity","true","deterministic"
"88","IDENTIDADE","bom dia para oq vc serve","Sirvo a FYT no marketing visual: listo produtos das fotos em Mídias, explico a empresa e contextos cadastrados, e monto posts/artes pro Instagram. Quando você pedir uma arte, o painel mostra o resumo antes da prévia.","identity","true","deterministic"
"89","IDENTIDADE","e aí para oq vc serve","Sirvo a FYT no marketing visual: listo produtos das fotos em Mídias, explico a empresa e contextos cadastrados, e monto posts/artes pro Instagram. Quando você pedir uma arte, o painel mostra o resumo antes da prévia.","identity","true","deterministic"
"90","IDENTIDADE","paraoqvcserve","Na FYT posso ajudar com Mídias, posts e informações cadastradas — o que você precisa?","canonical","true","canonical"
"91","IDENTIDADE","para que você serve","Sirvo a FYT no marketing visual: listo produtos das fotos em Mídias, explico a empresa e contextos cadastrados, e monto posts/artes pro Instagram. Quando você pedir uma arte, o painel mostra o resumo antes da prévia.","identity","true","deterministic"
"92","IDENTIDADE","oi para que você serve","Sirvo a FYT no marketing visual: listo produtos das fotos em Mídias, explico a empresa e contextos cadastrados, e monto posts/artes pro Instagram. Quando você pedir uma arte, o painel mostra o resumo antes da prévia.","identity","true","deterministic"
"93","IDENTIDADE","bom dia para que você serve","Sirvo a FYT no marketing visual: listo produtos das fotos em Mídias, explico a empresa e contextos cadastrados, e monto posts/artes pro Instagram. Quando você pedir uma arte, o painel mostra o resumo antes da prévia.","identity","true","deterministic"
"94","IDENTIDADE","e aí para que você serve","Sirvo a FYT no marketing visual: listo produtos das fotos em Mídias, explico a empresa e contextos cadastrados, e monto posts/artes pro Instagram. Quando você pedir uma arte, o painel mostra o resumo antes da prévia.","identity","true","deterministic"
"95","IDENTIDADE","para que voce serve","Sirvo a FYT no marketing visual: listo produtos das fotos em Mídias, explico a empresa e contextos cadastrados, e monto posts/artes pro Instagram. Quando você pedir uma arte, o painel mostra o resumo antes da prévia.","identity","true","deterministic"
"96","IDENTIDADE","fala sobre você","Na FYT posso ajudar com Mídias, posts e informações cadastradas — o que você precisa?","canonical","true","canonical"
"97","IDENTIDADE","oi fala sobre você","Na FYT posso ajudar com Mídias, posts e informações cadastradas — o que você precisa?","canonical","true","canonical"
"98","IDENTIDADE","bom dia fala sobre você","Na FYT posso ajudar com Mídias, posts e informações cadastradas — o que você precisa?","canonical","true","canonical"
"99","IDENTIDADE","e aí fala sobre você","Na FYT posso ajudar com Mídias, posts e informações cadastradas — o que você precisa?","canonical","true","canonical"
"100","IDENTIDADE","fala sobre voce","Sou o Tuma IA, da FYT — ajudo com posts, artes e o que tem cadastrado em Mídias.","identity","true","deterministic"
"101","IDENTIDADE","se apresenta","Sou o Tuma IA, da FYT — ajudo com posts, artes e o que tem cadastrado em Mídias.","identity","true","deterministic"
"102","IDENTIDADE","oi se apresenta","Sou o Tuma IA, da FYT — ajudo com posts, artes e o que tem cadastrado em Mídias.","identity","true","deterministic"
"103","IDENTIDADE","bom dia se apresenta","Sou o Tuma IA, da FYT — ajudo com posts, artes e o que tem cadastrado em Mídias.","identity","true","deterministic"
"104","IDENTIDADE","e aí se apresenta","Sou o Tuma IA, da FYT — ajudo com posts, artes e o que tem cadastrado em Mídias.","identity","true","deterministic"
"105","IDENTIDADE","seapresenta","Na FYT posso ajudar com Mídias, posts e informações cadastradas — o que você precisa?","canonical","true","canonical"
"106","IDENTIDADE","me fala de você","Na FYT posso ajudar com Mídias, posts e informações cadastradas — o que você precisa?","canonical","true","canonical"
"107","IDENTIDADE","oi me fala de você","Na FYT posso ajudar com Mídias, posts e informações cadastradas — o que você precisa?","canonical","true","canonical"
"108","IDENTIDADE","bom dia me fala de você","Na FYT posso ajudar com Mídias, posts e informações cadastradas — o que você precisa?","canonical","true","canonical"
"109","IDENTIDADE","e aí me fala de você","Na FYT posso ajudar com Mídias, posts e informações cadastradas — o que você precisa?","canonical","true","canonical"
"110","IDENTIDADE","me fala de voce","Sou o Tuma IA, da FYT — ajudo com posts, artes e o que tem cadastrado em Mídias.","identity","true","deterministic"
"111","IDENTIDADE","quem tá falando","Sou o Tuma IA, da FYT — ajudo com posts, artes e o que tem cadastrado em Mídias.","identity","true","deterministic"
"112","IDENTIDADE","oi quem tá falando","Sou o Tuma IA, da FYT — ajudo com posts, artes e o que tem cadastrado em Mídias.","identity","true","deterministic"
"113","IDENTIDADE","bom dia quem tá falando","Sou o Tuma IA, da FYT — ajudo com posts, artes e o que tem cadastrado em Mídias.","identity","true","deterministic"
"114","IDENTIDADE","e aí quem tá falando","Sou o Tuma IA, da FYT — ajudo com posts, artes e o que tem cadastrado em Mídias.","identity","true","deterministic"
"115","IDENTIDADE","quemtáfalando","Na FYT posso ajudar com Mídias, posts e informações cadastradas — o que você precisa?","canonical","true","canonical"
"116","IDENTIDADE","quem te criou","Fui criado por Diego Suhai Navarro.","identity","true","deterministic"
"117","IDENTIDADE","oi quem te criou","Fui criado por Diego Suhai Navarro.","identity","true","deterministic"
"118","IDENTIDADE","bom dia quem te criou","Fui criado por Diego Suhai Navarro.","identity","true","deterministic"
"119","IDENTIDADE","e aí quem te criou","Fui criado por Diego Suhai Navarro.","identity","true","deterministic"
"120","IDENTIDADE","quemtecriou","Na FYT posso ajudar com Mídias, posts e informações cadastradas — o que você precisa?","canonical","true","canonical"
"121","IDENTIDADE","o que significa tuma","O nome Tuma vem do suaíli (swahili) e significa «enviar». Sou a IA de conteúdo do TumaIA.","identity","true","deterministic"
"122","IDENTIDADE","oi o que significa tuma","O nome Tuma vem do suaíli (swahili) e significa «enviar». Sou a IA de conteúdo do TumaIA.","identity","true","deterministic"
"123","IDENTIDADE","bom dia o que significa tuma","O nome Tuma vem do suaíli (swahili) e significa «enviar». Sou a IA de conteúdo do TumaIA.","identity","true","deterministic"
"124","IDENTIDADE","e aí o que significa tuma","O nome Tuma vem do suaíli (swahili) e significa «enviar». Sou a IA de conteúdo do TumaIA.","identity","true","deterministic"
"125","IDENTIDADE","oquesignificatuma","Na FYT posso ajudar com Mídias, posts e informações cadastradas — o que você precisa?","canonical","true","canonical"
"126","IDENTIDADE","como funciona","Você conversa comigo aqui; para arte, o painel da FYT mostra um resumo do pedido antes da prévia. Produtos e campanhas vêm do que está em Mídias e Contextos.","identity","true","deterministic"
"127","IDENTIDADE","oi como funciona","Você conversa comigo aqui; para arte, o painel da FYT mostra um resumo do pedido antes da prévia. Produtos e campanhas vêm do que está em Mídias e Contextos.","identity","true","deterministic"
"128","IDENTIDADE","bom dia como funciona","Você conversa comigo aqui; para arte, o painel da FYT mostra um resumo do pedido antes da prévia. Produtos e campanhas vêm do que está em Mídias e Contextos.","identity","true","deterministic"
"129","IDENTIDADE","e aí como funciona","Você conversa comigo aqui; para arte, o painel da FYT mostra um resumo do pedido antes da prévia. Produtos e campanhas vêm do que está em Mídias e Contextos.","identity","true","deterministic"
"130","IDENTIDADE","comofunciona","Na FYT posso ajudar com Mídias, posts e informações cadastradas — o que você precisa?","canonical","true","canonical"
"131","IDENTIDADE","como funciona o chat","Você conversa comigo aqui; para arte, o painel da FYT mostra um resumo do pedido antes da prévia. Produtos e campanhas vêm do que está em Mídias e Contextos.","identity","true","deterministic"
"132","IDENTIDADE","oi como funciona o chat","Você conversa comigo aqui; para arte, o painel da FYT mostra um resumo do pedido antes da prévia. Produtos e campanhas vêm do que está em Mídias e Contextos.","identity","true","deterministic"
"133","IDENTIDADE","bom dia como funciona o chat","Você conversa comigo aqui; para arte, o painel da FYT mostra um resumo do pedido antes da prévia. Produtos e campanhas vêm do que está em Mídias e Contextos.","identity","true","deterministic"
"134","IDENTIDADE","e aí como funciona o chat","Você conversa comigo aqui; para arte, o painel da FYT mostra um resumo do pedido antes da prévia. Produtos e campanhas vêm do que está em Mídias e Contextos.","identity","true","deterministic"
"135","IDENTIDADE","comofuncionaochat","Na FYT posso ajudar com Mídias, posts e informações cadastradas — o que você precisa?","canonical","true","canonical"
"136","IDENTIDADE","como funciona o painel","Você conversa comigo aqui; para arte, o painel da FYT mostra um resumo do pedido antes da prévia. Produtos e campanhas vêm do que está em Mídias e Contextos.","identity","true","deterministic"
"137","IDENTIDADE","oi como funciona o painel","Você conversa comigo aqui; para arte, o painel da FYT mostra um resumo do pedido antes da prévia. Produtos e campanhas vêm do que está em Mídias e Contextos.","identity","true","deterministic"
"138","IDENTIDADE","bom dia como funciona o painel","Você conversa comigo aqui; para arte, o painel da FYT mostra um resumo do pedido antes da prévia. Produtos e campanhas vêm do que está em Mídias e Contextos.","identity","true","deterministic"
"139","IDENTIDADE","e aí como funciona o painel","Você conversa comigo aqui; para arte, o painel da FYT mostra um resumo do pedido antes da prévia. Produtos e campanhas vêm do que está em Mídias e Contextos.","identity","true","deterministic"
"140","IDENTIDADE","comofuncionaopainel","Na FYT posso ajudar com Mídias, posts e informações cadastradas — o que você precisa?","canonical","true","canonical"
"141","IDENTIDADE","você consegue me ajudar","Consigo sim! Ajudo a FYT com posts, artes e produtos do acervo em Mídias — é só dizer o que você precisa.","identity","true","deterministic"
"142","IDENTIDADE","oi você consegue me ajudar","Consigo sim! Ajudo a FYT com posts, artes e produtos do acervo em Mídias — é só dizer o que você precisa.","identity","true","deterministic"
"143","IDENTIDADE","bom dia você consegue me ajudar","Consigo sim! Ajudo a FYT com posts, artes e produtos do acervo em Mídias — é só dizer o que você precisa.","identity","true","deterministic"
"144","IDENTIDADE","e aí você consegue me ajudar","Consigo sim! Ajudo a FYT com posts, artes e produtos do acervo em Mídias — é só dizer o que você precisa.","identity","true","deterministic"
"145","IDENTIDADE","voce consegue me ajudar","Consigo sim! Ajudo a FYT com posts, artes e produtos do acervo em Mídias — é só dizer o que você precisa.","identity","true","deterministic"
"146","IDENTIDADE","vc consegue","Na FYT posso ajudar com Mídias, posts e informações cadastradas — o que você precisa?","canonical","true","canonical"
"147","IDENTIDADE","oi vc consegue","Na FYT posso ajudar com Mídias, posts e informações cadastradas — o que você precisa?","canonical","true","canonical"
"148","IDENTIDADE","bom dia vc consegue","Na FYT posso ajudar com Mídias, posts e informações cadastradas — o que você precisa?","canonical","true","canonical"
"149","IDENTIDADE","e aí vc consegue","Na FYT posso ajudar com Mídias, posts e informações cadastradas — o que você precisa?","canonical","true","canonical"
"150","IDENTIDADE","vcconsegue","Na FYT posso ajudar com Mídias, posts e informações cadastradas — o que você precisa?","canonical","true","canonical"
"151","IDENTIDADE","consegue ajudar","Consigo sim! Ajudo a FYT com posts, artes e produtos do acervo em Mídias — é só dizer o que você precisa.","identity","true","deterministic"
"152","IDENTIDADE","oi consegue ajudar","Consigo sim! Ajudo a FYT com posts, artes e produtos do acervo em Mídias — é só dizer o que você precisa.","identity","true","deterministic"
"153","IDENTIDADE","bom dia consegue ajudar","Consigo sim! Ajudo a FYT com posts, artes e produtos do acervo em Mídias — é só dizer o que você precisa.","identity","true","deterministic"
"154","IDENTIDADE","e aí consegue ajudar","Consigo sim! Ajudo a FYT com posts, artes e produtos do acervo em Mídias — é só dizer o que você precisa.","identity","true","deterministic"
"155","IDENTIDADE","consegueajudar","Na FYT posso ajudar com Mídias, posts e informações cadastradas — o que você precisa?","canonical","true","canonical"
"156","IDENTIDADE","dá pra fazer arte aqui","Consigo sim! Ajudo a FYT com posts, artes e produtos do acervo em Mídias — é só dizer o que você precisa.","identity","true","deterministic"
"157","IDENTIDADE","oi dá pra fazer arte aqui","Consigo sim! Ajudo a FYT com posts, artes e produtos do acervo em Mídias — é só dizer o que você precisa.","identity","true","deterministic"
"158","IDENTIDADE","bom dia dá pra fazer arte aqui","Consigo sim! Ajudo a FYT com posts, artes e produtos do acervo em Mídias — é só dizer o que você precisa.","identity","true","deterministic"
"159","IDENTIDADE","e aí dá pra fazer arte aqui","Consigo sim! Ajudo a FYT com posts, artes e produtos do acervo em Mídias — é só dizer o que você precisa.","identity","true","deterministic"
"160","IDENTIDADE","dáprafazerarteaqui","Na FYT posso ajudar com Mídias, posts e informações cadastradas — o que você precisa?","canonical","true","canonical"
"161","IDENTIDADE","como faço pra pedir um post","Escreve o que quer — produto, formato, texto — tipo «monta um post do whey pro feed». Eu monto o resumo no painel da FYT pra você confirmar antes da prévia.","identity","true","deterministic"
"162","IDENTIDADE","oi como faço pra pedir um post","Escreve o que quer — produto, formato, texto — tipo «monta um post do whey pro feed». Eu monto o resumo no painel da FYT pra você confirmar antes da prévia.","identity","true","deterministic"
"163","IDENTIDADE","bom dia como faço pra pedir um post","Escreve o que quer — produto, formato, texto — tipo «monta um post do whey pro feed». Eu monto o resumo no painel da FYT pra você confirmar antes da prévia.","identity","true","deterministic"
"164","IDENTIDADE","e aí como faço pra pedir um post","Escreve o que quer — produto, formato, texto — tipo «monta um post do whey pro feed». Eu monto o resumo no painel da FYT pra você confirmar antes da prévia.","identity","true","deterministic"
"165","IDENTIDADE","comofaçoprapedirumpost","Na FYT posso ajudar com Mídias, posts e informações cadastradas — o que você precisa?","canonical","true","canonical"
"166","IDENTIDADE","se eu pedir uma postagem você ajuda","Consigo sim! Ajudo a FYT com posts, artes e produtos do acervo em Mídias — é só dizer o que você precisa.","identity","true","deterministic"
"167","IDENTIDADE","oi se eu pedir uma postagem você ajuda","Consigo sim! Ajudo a FYT com posts, artes e produtos do acervo em Mídias — é só dizer o que você precisa.","identity","true","deterministic"
"168","IDENTIDADE","bom dia se eu pedir uma postagem você ajuda","Consigo sim! Ajudo a FYT com posts, artes e produtos do acervo em Mídias — é só dizer o que você precisa.","identity","true","deterministic"
"169","IDENTIDADE","e aí se eu pedir uma postagem você ajuda","Consigo sim! Ajudo a FYT com posts, artes e produtos do acervo em Mídias — é só dizer o que você precisa.","identity","true","deterministic"
"170","IDENTIDADE","se eu pedir uma postagem voce ajuda","Consigo sim! Ajudo a FYT com posts, artes e produtos do acervo em Mídias — é só dizer o que você precisa.","identity","true","deterministic"
"171","ACERVO_LISTA","quais produtos temos","No acervo da FYT temos 4 produtos:

• creatina growth
• monster
• powerade
• whey de chocolate

Quer montar post de algum deles?","acervo","true","deterministic"
"172","ACERVO_LISTA","oi quais produtos temos","No acervo da FYT temos 4 produtos:

• creatina growth
• monster
• powerade
• whey de chocolate

Quer montar post de algum deles?","acervo","true","deterministic"
"173","ACERVO_LISTA","preciso saber quais produtos temos","No acervo da FYT temos 4 produtos:

• creatina growth
• monster
• powerade
• whey de chocolate

Quer montar post de algum deles?","acervo","true","deterministic"
"174","ACERVO_LISTA","lista o acervo","No acervo da FYT temos 4 produtos:

• creatina growth
• monster
• powerade
• whey de chocolate

Quer montar post de algum deles?","acervo","true","deterministic"
"175","ACERVO_LISTA","oi lista o acervo","No acervo da FYT temos 4 produtos:

• creatina growth
• monster
• powerade
• whey de chocolate

Quer montar post de algum deles?","acervo","true","deterministic"
"176","ACERVO_LISTA","preciso saber lista o acervo","No acervo da FYT temos 4 produtos:

• creatina growth
• monster
• powerade
• whey de chocolate

Quer montar post de algum deles?","acervo","true","deterministic"
"177","ACERVO_LISTA","o que temos em mídias","No acervo da FYT temos 4 produtos:

• creatina growth
• monster
• powerade
• whey de chocolate

Quer montar post de algum deles?","acervo","true","deterministic"
"178","ACERVO_LISTA","oi o que temos em mídias","No acervo da FYT temos 4 produtos:

• creatina growth
• monster
• powerade
• whey de chocolate

Quer montar post de algum deles?","acervo","true","deterministic"
"179","ACERVO_LISTA","preciso saber o que temos em mídias","No acervo da FYT temos 4 produtos:

• creatina growth
• monster
• powerade
• whey de chocolate

Quer montar post de algum deles?","acervo","true","deterministic"
"180","ACERVO_LISTA","produtos cadastrados","Na FYT posso ajudar com Mídias, posts e informações cadastradas — o que você precisa?","canonical","true","canonical"
"181","ACERVO_LISTA","oi produtos cadastrados","Na FYT posso ajudar com Mídias, posts e informações cadastradas — o que você precisa?","canonical","true","canonical"
"182","ACERVO_LISTA","preciso saber produtos cadastrados","Na FYT posso ajudar com Mídias, posts e informações cadastradas — o que você precisa?","canonical","true","canonical"
"183","ACERVO_LISTA","me lista os produtos","No acervo da FYT temos 4 produtos:

• creatina growth
• monster
• powerade
• whey de chocolate

Quer montar post de algum deles?","acervo","true","deterministic"
"184","ACERVO_LISTA","oi me lista os produtos","No acervo da FYT temos 4 produtos:

• creatina growth
• monster
• powerade
• whey de chocolate

Quer montar post de algum deles?","acervo","true","deterministic"
"185","ACERVO_LISTA","preciso saber me lista os produtos","No acervo da FYT temos 4 produtos:

• creatina growth
• monster
• powerade
• whey de chocolate

Quer montar post de algum deles?","acervo","true","deterministic"
"186","ACERVO_LISTA","tem o que no acervo","No acervo da FYT temos 4 produtos:

• creatina growth
• monster
• powerade
• whey de chocolate

Quer montar post de algum deles?","acervo","true","deterministic"
"187","ACERVO_LISTA","oi tem o que no acervo","No acervo da FYT temos 4 produtos:

• creatina growth
• monster
• powerade
• whey de chocolate

Quer montar post de algum deles?","acervo","true","deterministic"
"188","ACERVO_LISTA","preciso saber tem o que no acervo","No acervo da FYT temos 4 produtos:

• creatina growth
• monster
• powerade
• whey de chocolate

Quer montar post de algum deles?","acervo","true","deterministic"
"189","ACERVO_LISTA","quais itens temos","Na FYT posso ajudar com Mídias, posts e informações cadastradas — o que você precisa?","canonical","true","canonical"
"190","ACERVO_LISTA","oi quais itens temos","Na FYT posso ajudar com Mídias, posts e informações cadastradas — o que você precisa?","canonical","true","canonical"
"191","ACERVO_LISTA","preciso saber quais itens temos","Na FYT posso ajudar com Mídias, posts e informações cadastradas — o que você precisa?","canonical","true","canonical"
"192","ACERVO_LISTA","mostra o catálogo","No acervo da FYT temos 4 produtos:

• creatina growth
• monster
• powerade
• whey de chocolate

Quer montar post de algum deles?","acervo","true","deterministic"
"193","ACERVO_LISTA","oi mostra o catálogo","No acervo da FYT temos 4 produtos:

• creatina growth
• monster
• powerade
• whey de chocolate

Quer montar post de algum deles?","acervo","true","deterministic"
"194","ACERVO_LISTA","preciso saber mostra o catálogo","No acervo da FYT temos 4 produtos:

• creatina growth
• monster
• powerade
• whey de chocolate

Quer montar post de algum deles?","acervo","true","deterministic"
"195","ACERVO_LISTA","o que tem cadastrado","Não encontrei «cadastrado» cadastrado em Mídias da FYT. Se for produto novo, cadastre a imagem no painel com esse nome.","acervo","true","deterministic"
"196","ACERVO_LISTA","oi o que tem cadastrado","Não encontrei «cadastrado» cadastrado em Mídias da FYT. Se for produto novo, cadastre a imagem no painel com esse nome.","acervo","true","deterministic"
"197","ACERVO_LISTA","preciso saber o que tem cadastrado","Não encontrei «cadastrado» cadastrado em Mídias da FYT. Se for produto novo, cadastre a imagem no painel com esse nome.","acervo","true","deterministic"
"198","ACERVO_LISTA","lista produtos da loja","No acervo da FYT temos 4 produtos:

• creatina growth
• monster
• powerade
• whey de chocolate

Quer montar post de algum deles?","acervo","true","deterministic"
"199","ACERVO_LISTA","oi lista produtos da loja","No acervo da FYT temos 4 produtos:

• creatina growth
• monster
• powerade
• whey de chocolate

Quer montar post de algum deles?","acervo","true","deterministic"
"200","ACERVO_LISTA","preciso saber lista produtos da loja","No acervo da FYT temos 4 produtos:

• creatina growth
• monster
• powerade
• whey de chocolate

Quer montar post de algum deles?","acervo","true","deterministic"
"201","ACERVO_LISTA","quais fotos temos","Na FYT posso ajudar com Mídias, posts e informações cadastradas — o que você precisa?","canonical","true","canonical"
"202","ACERVO_LISTA","oi quais fotos temos","Na FYT posso ajudar com Mídias, posts e informações cadastradas — o que você precisa?","canonical","true","canonical"
"203","ACERVO_LISTA","preciso saber quais fotos temos","Na FYT posso ajudar com Mídias, posts e informações cadastradas — o que você precisa?","canonical","true","canonical"
"204","ACERVO_LISTA","produtos disponíveis","No acervo da FYT temos 4 produtos:

• creatina growth
• monster
• powerade
• whey de chocolate

Quer montar post de algum deles?","acervo","true","deterministic"
"205","ACERVO_LISTA","oi produtos disponíveis","No acervo da FYT temos 4 produtos:

• creatina growth
• monster
• powerade
• whey de chocolate

Quer montar post de algum deles?","acervo","true","deterministic"
"206","ACERVO_LISTA","preciso saber produtos disponíveis","No acervo da FYT temos 4 produtos:

• creatina growth
• monster
• powerade
• whey de chocolate

Quer montar post de algum deles?","acervo","true","deterministic"
"207","ACERVO_LISTA","me passa a lista de produtos","No acervo da FYT temos 4 produtos:

• creatina growth
• monster
• powerade
• whey de chocolate

Quer montar post de algum deles?","acervo","true","deterministic"
"208","ACERVO_LISTA","oi me passa a lista de produtos","No acervo da FYT temos 4 produtos:

• creatina growth
• monster
• powerade
• whey de chocolate

Quer montar post de algum deles?","acervo","true","deterministic"
"209","ACERVO_LISTA","preciso saber me passa a lista de produtos","No acervo da FYT temos 4 produtos:

• creatina growth
• monster
• powerade
• whey de chocolate

Quer montar post de algum deles?","acervo","true","deterministic"
"210","ACERVO_LISTA","quantos produtos temos","Na FYT posso ajudar com Mídias, posts e informações cadastradas — o que você precisa?","canonical","true","canonical"
"211","ACERVO_LISTA","oi quantos produtos temos","Na FYT posso ajudar com Mídias, posts e informações cadastradas — o que você precisa?","canonical","true","canonical"
"212","ACERVO_LISTA","preciso saber quantos produtos temos","Na FYT posso ajudar com Mídias, posts e informações cadastradas — o que você precisa?","canonical","true","canonical"
"213","ACERVO_INFO","temos whey de chocolate","Sim — temos whey de chocolate no acervo da FYT.","acervo","true","deterministic"
"214","ACERVO_INFO","tem whey de chocolate","Sim — temos whey de chocolate no acervo da FYT.","acervo","true","deterministic"
"215","ACERVO_INFO","tem whey de chocolate?","Sim — temos whey de chocolate no acervo da FYT.","acervo","true","deterministic"
"216","ACERVO_INFO","cadastraram whey de chocolate?","Na FYT posso ajudar com Mídias, posts e informações cadastradas — o que você precisa?","canonical","true","canonical"
"217","ACERVO_INFO","existe whey de chocolate no acervo","Sim — temos whey de chocolate no acervo da FYT.","acervo","true","deterministic"
"218","ACERVO_INFO","vocês têm whey de chocolate","Sim — temos whey de chocolate no acervo da FYT.","acervo","true","deterministic"
"219","ACERVO_INFO","há whey de chocolate nas mídias","Não encontrei «whey de chocolate nas midias» cadastrado em Mídias da FYT. Se for produto novo, cadastre a imagem no painel com esse nome.","acervo","true","deterministic"
"220","ACERVO_INFO","acho que temos whey de chocolate","Sim — temos whey de chocolate no acervo da FYT.","acervo","true","deterministic"
"221","ACERVO_INFO","temos monster","Sim — temos monster no acervo da FYT.","acervo","true","deterministic"
"222","ACERVO_INFO","tem monster","Sim — temos monster no acervo da FYT.","acervo","true","deterministic"
"223","ACERVO_INFO","tem monster?","Sim — temos monster no acervo da FYT.","acervo","true","deterministic"
"224","ACERVO_INFO","cadastraram monster?","Na FYT posso ajudar com Mídias, posts e informações cadastradas — o que você precisa?","canonical","true","canonical"
"225","ACERVO_INFO","existe monster no acervo","Sim — temos monster no acervo da FYT.","acervo","true","deterministic"
"226","ACERVO_INFO","vocês têm monster","Sim — temos monster no acervo da FYT.","acervo","true","deterministic"
"227","ACERVO_INFO","há monster nas mídias","Não encontrei «monster nas midias» cadastrado em Mídias da FYT. Se for produto novo, cadastre a imagem no painel com esse nome.","acervo","true","deterministic"
"228","ACERVO_INFO","acho que temos monster","Sim — temos monster no acervo da FYT.","acervo","true","deterministic"
"229","ACERVO_INFO","temos creatina growth","Sim — temos creatina growth no acervo da FYT.","acervo","true","deterministic"
"230","ACERVO_INFO","tem creatina growth","Sim — temos creatina growth no acervo da FYT.","acervo","true","deterministic"
"231","ACERVO_INFO","tem creatina growth?","Sim — temos creatina growth no acervo da FYT.","acervo","true","deterministic"
"232","ACERVO_INFO","cadastraram creatina growth?","Na FYT posso ajudar com Mídias, posts e informações cadastradas — o que você precisa?","canonical","true","canonical"
"233","ACERVO_INFO","existe creatina growth no acervo","Sim — temos creatina growth no acervo da FYT.","acervo","true","deterministic"
"234","ACERVO_INFO","vocês têm creatina growth","Sim — temos creatina growth no acervo da FYT.","acervo","true","deterministic"
"235","ACERVO_INFO","há creatina growth nas mídias","Sim — temos creatina growth no acervo da FYT.","acervo","true","deterministic"
"236","ACERVO_INFO","acho que temos creatina growth","Sim — temos creatina growth no acervo da FYT.","acervo","true","deterministic"
"237","ACERVO_INFO","temos powerade","Sim — temos powerade no acervo da FYT.","acervo","true","deterministic"
"238","ACERVO_INFO","tem powerade","Sim — temos powerade no acervo da FYT.","acervo","true","deterministic"
"239","ACERVO_INFO","tem powerade?","Sim — temos powerade no acervo da FYT.","acervo","true","deterministic"
"240","ACERVO_INFO","cadastraram powerade?","Na FYT posso ajudar com Mídias, posts e informações cadastradas — o que você precisa?","canonical","true","canonical"
"241","ACERVO_INFO","existe powerade no acervo","Sim — temos powerade no acervo da FYT.","acervo","true","deterministic"
"242","ACERVO_INFO","vocês têm powerade","Sim — temos powerade no acervo da FYT.","acervo","true","deterministic"
"243","ACERVO_INFO","há powerade nas mídias","Não encontrei «powerade nas midias» cadastrado em Mídias da FYT. Se for produto novo, cadastre a imagem no painel com esse nome.","acervo","true","deterministic"
"244","ACERVO_INFO","acho que temos powerade","Sim — temos powerade no acervo da FYT.","acervo","true","deterministic"
"245","ACERVO_INFO","temos whey","Sim — temos whey de chocolate no acervo da FYT.","acervo","true","deterministic"
"246","ACERVO_INFO","tem whey","Sim — temos whey de chocolate no acervo da FYT.","acervo","true","deterministic"
"247","ACERVO_INFO","tem whey?","Sim — temos whey de chocolate no acervo da FYT.","acervo","true","deterministic"
"248","ACERVO_INFO","cadastraram whey?","Na FYT posso ajudar com Mídias, posts e informações cadastradas — o que você precisa?","canonical","true","canonical"
"249","ACERVO_INFO","existe whey no acervo","Sim — temos whey de chocolate no acervo da FYT.","acervo","true","deterministic"
"250","ACERVO_INFO","vocês têm whey","Sim — temos whey de chocolate no acervo da FYT.","acervo","true","deterministic"
"251","ACERVO_INFO","há whey nas mídias","Não encontrei «whey nas midias» cadastrado em Mídias da FYT. Se for produto novo, cadastre a imagem no painel com esse nome.","acervo","true","deterministic"
"252","ACERVO_INFO","acho que temos whey","Sim — temos whey de chocolate no acervo da FYT.","acervo","true","deterministic"
"253","ACERVO_INFO","temos creatina","Sim — temos creatina growth no acervo da FYT.","acervo","true","deterministic"
"254","ACERVO_INFO","tem creatina","Sim — temos creatina growth no acervo da FYT.","acervo","true","deterministic"
"255","ACERVO_INFO","tem creatina?","Sim — temos creatina growth no acervo da FYT.","acervo","true","deterministic"
"256","ACERVO_INFO","cadastraram creatina?","Na FYT posso ajudar com Mídias, posts e informações cadastradas — o que você precisa?","canonical","true","canonical"
"257","ACERVO_INFO","existe creatina no acervo","Sim — temos creatina growth no acervo da FYT.","acervo","true","deterministic"
"258","ACERVO_INFO","vocês têm creatina","Sim — temos creatina growth no acervo da FYT.","acervo","true","deterministic"
"259","ACERVO_INFO","há creatina nas mídias","Não encontrei «creatina nas midias» cadastrado em Mídias da FYT. Se for produto novo, cadastre a imagem no painel com esse nome.","acervo","true","deterministic"
"260","ACERVO_INFO","acho que temos creatina","Sim — temos creatina growth no acervo da FYT.","acervo","true","deterministic"
"261","ACERVO_INFO","temos xyz999?","Não encontrei «xyz999» cadastrado em Mídias da FYT. Se for produto novo, cadastre a imagem no painel com esse nome.","acervo","true","deterministic"
"262","ACERVO_INFO","tem xyz999","Não encontrei «xyz999» cadastrado em Mídias da FYT. Se for produto novo, cadastre a imagem no painel com esse nome.","acervo","true","deterministic"
"263","ACERVO_INFO","temos produto fake?","Não encontrei «produto fake» cadastrado em Mídias da FYT. Se for produto novo, cadastre a imagem no painel com esse nome.","acervo","true","deterministic"
"264","ACERVO_INFO","tem produto fake","Não encontrei «produto fake» cadastrado em Mídias da FYT. Se for produto novo, cadastre a imagem no painel com esse nome.","acervo","true","deterministic"
"265","ACERVO_INFO","temos camiseta fy?","Não encontrei «camiseta fy» cadastrado em Mídias da FYT. Se for produto novo, cadastre a imagem no painel com esse nome.","acervo","true","deterministic"
"266","ACERVO_INFO","tem camiseta fy","Não encontrei «camiseta fy» cadastrado em Mídias da FYT. Se for produto novo, cadastre a imagem no painel com esse nome.","acervo","true","deterministic"
"267","ACERVO_INFO","temos barra proteina x?","Não encontrei «barra proteina x» cadastrado em Mídias da FYT. Se for produto novo, cadastre a imagem no painel com esse nome.","acervo","true","deterministic"
"268","ACERVO_INFO","tem barra proteina x","Não encontrei «barra proteina x» cadastrado em Mídias da FYT. Se for produto novo, cadastre a imagem no painel com esse nome.","acervo","true","deterministic"
"269","PEDIDO_ARTE","monta um post do whey de chocolate","Na FYT posso ajudar com Mídias, posts e informações cadastradas — o que você precisa?","canonical","true","canonical"
"270","PEDIDO_ARTE","faz um post do whey de chocolate pro feed","Na FYT posso ajudar com Mídias, posts e informações cadastradas — o que você precisa?","canonical","true","canonical"
"271","PEDIDO_ARTE","gera arte com whey de chocolate","Na FYT posso ajudar com Mídias, posts e informações cadastradas — o que você precisa?","canonical","true","canonical"
"272","PEDIDO_ARTE","quero um post do whey de chocolate pro instagram","Na FYT posso ajudar com Mídias, posts e informações cadastradas — o que você precisa?","canonical","true","canonical"
"273","PEDIDO_ARTE","cria banner do whey de chocolate pro stories","Na FYT posso ajudar com Mídias, posts e informações cadastradas — o que você precisa?","canonical","true","canonical"
"274","PEDIDO_ARTE","preciso de um post whey de chocolate 1:1","Na FYT posso ajudar com Mídias, posts e informações cadastradas — o que você precisa?","canonical","true","canonical"
"275","PEDIDO_ARTE","post promocional whey de chocolate","Na FYT posso ajudar com Mídias, posts e informações cadastradas — o que você precisa?","canonical","true","canonical"
"276","PEDIDO_ARTE","arte destaque whey de chocolate","Na FYT posso ajudar com Mídias, posts e informações cadastradas — o que você precisa?","canonical","true","canonical"
"277","PEDIDO_ARTE","monta um post do monster","Na FYT posso ajudar com Mídias, posts e informações cadastradas — o que você precisa?","canonical","true","canonical"
"278","PEDIDO_ARTE","faz um post do monster pro feed","Na FYT posso ajudar com Mídias, posts e informações cadastradas — o que você precisa?","canonical","true","canonical"
"279","PEDIDO_ARTE","gera arte com monster","Na FYT posso ajudar com Mídias, posts e informações cadastradas — o que você precisa?","canonical","true","canonical"
"280","PEDIDO_ARTE","quero um post do monster pro instagram","Na FYT posso ajudar com Mídias, posts e informações cadastradas — o que você precisa?","canonical","true","canonical"
"281","PEDIDO_ARTE","cria banner do monster pro stories","Na FYT posso ajudar com Mídias, posts e informações cadastradas — o que você precisa?","canonical","true","canonical"
"282","PEDIDO_ARTE","preciso de um post monster 1:1","Na FYT posso ajudar com Mídias, posts e informações cadastradas — o que você precisa?","canonical","true","canonical"
"283","PEDIDO_ARTE","post promocional monster","Na FYT posso ajudar com Mídias, posts e informações cadastradas — o que você precisa?","canonical","true","canonical"
"284","PEDIDO_ARTE","arte destaque monster","Na FYT posso ajudar com Mídias, posts e informações cadastradas — o que você precisa?","canonical","true","canonical"
"285","PEDIDO_ARTE","monta um post do creatina growth","Na FYT posso ajudar com Mídias, posts e informações cadastradas — o que você precisa?","canonical","true","canonical"
"286","PEDIDO_ARTE","faz um post do creatina growth pro feed","Na FYT posso ajudar com Mídias, posts e informações cadastradas — o que você precisa?","canonical","true","canonical"
"287","PEDIDO_ARTE","gera arte com creatina growth","Na FYT posso ajudar com Mídias, posts e informações cadastradas — o que você precisa?","canonical","true","canonical"
"288","PEDIDO_ARTE","quero um post do creatina growth pro instagram","Na FYT posso ajudar com Mídias, posts e informações cadastradas — o que você precisa?","canonical","true","canonical"
"289","PEDIDO_ARTE","cria banner do creatina growth pro stories","Na FYT posso ajudar com Mídias, posts e informações cadastradas — o que você precisa?","canonical","true","canonical"
"290","PEDIDO_ARTE","preciso de um post creatina growth 1:1","Na FYT posso ajudar com Mídias, posts e informações cadastradas — o que você precisa?","canonical","true","canonical"
"291","PEDIDO_ARTE","post promocional creatina growth","Na FYT posso ajudar com Mídias, posts e informações cadastradas — o que você precisa?","canonical","true","canonical"
"292","PEDIDO_ARTE","arte destaque creatina growth","Na FYT posso ajudar com Mídias, posts e informações cadastradas — o que você precisa?","canonical","true","canonical"
"293","PEDIDO_ARTE","monta um post do powerade","Na FYT posso ajudar com Mídias, posts e informações cadastradas — o que você precisa?","canonical","true","canonical"
"294","PEDIDO_ARTE","faz um post do powerade pro feed","Na FYT posso ajudar com Mídias, posts e informações cadastradas — o que você precisa?","canonical","true","canonical"
"295","PEDIDO_ARTE","gera arte com powerade","Na FYT posso ajudar com Mídias, posts e informações cadastradas — o que você precisa?","canonical","true","canonical"
"296","PEDIDO_ARTE","quero um post do powerade pro instagram","Na FYT posso ajudar com Mídias, posts e informações cadastradas — o que você precisa?","canonical","true","canonical"
"297","PEDIDO_ARTE","cria banner do powerade pro stories","Na FYT posso ajudar com Mídias, posts e informações cadastradas — o que você precisa?","canonical","true","canonical"
"298","PEDIDO_ARTE","preciso de um post powerade 1:1","Na FYT posso ajudar com Mídias, posts e informações cadastradas — o que você precisa?","canonical","true","canonical"
"299","PEDIDO_ARTE","post promocional powerade","Na FYT posso ajudar com Mídias, posts e informações cadastradas — o que você precisa?","canonical","true","canonical"
"300","PEDIDO_ARTE","arte destaque powerade","Na FYT posso ajudar com Mídias, posts e informações cadastradas — o que você precisa?","canonical","true","canonical"
"301","PEDIDO_ARTE","monta um post do whey","Na FYT posso ajudar com Mídias, posts e informações cadastradas — o que você precisa?","canonical","true","canonical"
"302","PEDIDO_ARTE","faz um post do whey pro feed","Na FYT posso ajudar com Mídias, posts e informações cadastradas — o que você precisa?","canonical","true","canonical"
"303","PEDIDO_ARTE","gera arte com whey","Na FYT posso ajudar com Mídias, posts e informações cadastradas — o que você precisa?","canonical","true","canonical"
"304","PEDIDO_ARTE","quero um post do whey pro instagram","Na FYT posso ajudar com Mídias, posts e informações cadastradas — o que você precisa?","canonical","true","canonical"
"305","PEDIDO_ARTE","cria banner do whey pro stories","Na FYT posso ajudar com Mídias, posts e informações cadastradas — o que você precisa?","canonical","true","canonical"
"306","PEDIDO_ARTE","preciso de um post whey 1:1","Na FYT posso ajudar com Mídias, posts e informações cadastradas — o que você precisa?","canonical","true","canonical"
"307","PEDIDO_ARTE","post promocional whey","Na FYT posso ajudar com Mídias, posts e informações cadastradas — o que você precisa?","canonical","true","canonical"
"308","PEDIDO_ARTE","arte destaque whey","Na FYT posso ajudar com Mídias, posts e informações cadastradas — o que você precisa?","canonical","true","canonical"
"309","PEDIDO_ARTE","monta um post do creatina","Na FYT posso ajudar com Mídias, posts e informações cadastradas — o que você precisa?","canonical","true","canonical"
"310","PEDIDO_ARTE","faz um post do creatina pro feed","Na FYT posso ajudar com Mídias, posts e informações cadastradas — o que você precisa?","canonical","true","canonical"
"311","PEDIDO_ARTE","gera arte com creatina","Na FYT posso ajudar com Mídias, posts e informações cadastradas — o que você precisa?","canonical","true","canonical"
"312","PEDIDO_ARTE","quero um post do creatina pro instagram","Na FYT posso ajudar com Mídias, posts e informações cadastradas — o que você precisa?","canonical","true","canonical"
"313","PEDIDO_ARTE","cria banner do creatina pro stories","Na FYT posso ajudar com Mídias, posts e informações cadastradas — o que você precisa?","canonical","true","canonical"
"314","PEDIDO_ARTE","preciso de um post creatina 1:1","Na FYT posso ajudar com Mídias, posts e informações cadastradas — o que você precisa?","canonical","true","canonical"
"315","PEDIDO_ARTE","post promocional creatina","Na FYT posso ajudar com Mídias, posts e informações cadastradas — o que você precisa?","canonical","true","canonical"
"316","PEDIDO_ARTE","arte destaque creatina","Na FYT posso ajudar com Mídias, posts e informações cadastradas — o que você precisa?","canonical","true","canonical"
"317","EMPRESA","fala sobre a empresa","Trabalho com a FYT. segmento: Suplementos e fitness. Loja de suplementos com foco em performance..","empresa","true","deterministic"
"318","EMPRESA","qual o segmento","Trabalho com a FYT. segmento: Suplementos e fitness. Loja de suplementos com foco em performance..","empresa","true","deterministic"
"319","EMPRESA","qual o instagram","Na FYT posso ajudar com Mídias, posts e informações cadastradas — o que você precisa?","canonical","true","canonical"
"320","EMPRESA","quem somos","Na FYT posso ajudar com Mídias, posts e informações cadastradas — o que você precisa?","canonical","true","canonical"
"321","EMPRESA","descreve a fy","Na FYT posso ajudar com Mídias, posts e informações cadastradas — o que você precisa?","canonical","true","canonical"
"322","EMPRESA","informações da empresa","Na FYT posso ajudar com Mídias, posts e informações cadastradas — o que você precisa?","canonical","true","canonical"
"323","EMPRESA","cadastro da loja","Na FYT posso ajudar com Mídias, posts e informações cadastradas — o que você precisa?","canonical","true","canonical"
"324","EMPRESA","sobre a fyt","Na FYT posso ajudar com Mídias, posts e informações cadastradas — o que você precisa?","canonical","true","canonical"
"325","EMPRESA","o que é a empresa","Na FYT posso ajudar com Mídias, posts e informações cadastradas — o que você precisa?","canonical","true","canonical"
"326","EMPRESA","instagram da empresa","Trabalho com a FYT. segmento: Suplementos e fitness. Loja de suplementos com foco em performance..","empresa","true","deterministic"
"327","CONTEXTOS","quais contextos temos","Temos 2 contextos ativos:

• Black Friday
• Tom de voz","contextos","true","deterministic"
"328","CONTEXTOS","lista contextos","Temos 2 contextos ativos:

• Black Friday
• Tom de voz","contextos","true","deterministic"
"329","CONTEXTOS","campanhas cadastradas","Na FYT posso ajudar com Mídias, posts e informações cadastradas — o que você precisa?","canonical","true","canonical"
"330","CONTEXTOS","o que é black friday","Na FYT posso ajudar com Mídias, posts e informações cadastradas — o que você precisa?","canonical","true","canonical"
"331","CONTEXTOS","contexto black friday","Temos 2 contextos ativos:

• Black Friday
• Tom de voz","contextos","true","deterministic"
"332","CONTEXTOS","tom de voz","Temos 2 contextos ativos:

• Black Friday
• Tom de voz","contextos","true","deterministic"
"333","CONTEXTOS","quais campanhas","Na FYT posso ajudar com Mídias, posts e informações cadastradas — o que você precisa?","canonical","true","canonical"
"334","DATA_HORA","que dia é hoje","Hoje é segunda-feira, 1 de junho de 2026 (horário de Brasília, 23:34).","out_of_scope","true","deterministic"
"335","DATA_HORA","oi, que dia é hoje","Hoje é segunda-feira, 1 de junho de 2026 (horário de Brasília, 23:34).","out_of_scope","true","deterministic"
"336","DATA_HORA","qual a data de hoje","Hoje é segunda-feira, 1 de junho de 2026 (horário de Brasília, 23:34).","out_of_scope","true","deterministic"
"337","DATA_HORA","oi, qual a data de hoje","Hoje é segunda-feira, 1 de junho de 2026 (horário de Brasília, 23:34).","out_of_scope","true","deterministic"
"338","DATA_HORA","que horas são","Agora são 23:34 em Brasília (segunda-feira, 1 de junho de 2026).","out_of_scope","true","deterministic"
"339","DATA_HORA","oi, que horas são","Agora são 23:34 em Brasília (segunda-feira, 1 de junho de 2026).","out_of_scope","true","deterministic"
"340","DATA_HORA","quero o dia da semana mes e ano","Hoje é segunda-feira, 1 de junho de 2026 (horário de Brasília, 23:34).","out_of_scope","true","deterministic"
"341","DATA_HORA","oi, quero o dia da semana mes e ano","Hoje é segunda-feira, 1 de junho de 2026 (horário de Brasília, 23:34).","out_of_scope","true","deterministic"
"342","DATA_HORA","me diz a data","Hoje é segunda-feira, 1 de junho de 2026 (horário de Brasília, 23:34).","out_of_scope","true","deterministic"
"343","DATA_HORA","oi, me diz a data","Hoje é segunda-feira, 1 de junho de 2026 (horário de Brasília, 23:34).","out_of_scope","true","deterministic"
"344","DATA_HORA","hoje é que dia","Hoje é segunda-feira, 1 de junho de 2026 (horário de Brasília, 23:34).","out_of_scope","true","deterministic"
"345","DATA_HORA","oi, hoje é que dia","Hoje é segunda-feira, 1 de junho de 2026 (horário de Brasília, 23:34).","out_of_scope","true","deterministic"
"346","DATA_HORA","qual dia estamos","Hoje é segunda-feira, 1 de junho de 2026 (horário de Brasília, 23:34).","out_of_scope","true","deterministic"
"347","DATA_HORA","oi, qual dia estamos","Hoje é segunda-feira, 1 de junho de 2026 (horário de Brasília, 23:34).","out_of_scope","true","deterministic"
"348","DATA_HORA","data completa","Hoje é segunda-feira, 1 de junho de 2026 (horário de Brasília, 23:34).","out_of_scope","true","deterministic"
"349","DATA_HORA","oi, data completa","Hoje é segunda-feira, 1 de junho de 2026 (horário de Brasília, 23:34).","out_of_scope","true","deterministic"
"350","DATA_HORA","que dia da semana é hoje","Hoje é segunda-feira, 1 de junho de 2026 (horário de Brasília, 23:34).","out_of_scope","true","deterministic"
"351","DATA_HORA","oi, que dia da semana é hoje","Hoje é segunda-feira, 1 de junho de 2026 (horário de Brasília, 23:34).","out_of_scope","true","deterministic"
"352","DATA_HORA","qual a data completa","Hoje é segunda-feira, 1 de junho de 2026 (horário de Brasília, 23:34).","out_of_scope","true","deterministic"
"353","DATA_HORA","oi, qual a data completa","Hoje é segunda-feira, 1 de junho de 2026 (horário de Brasília, 23:34).","out_of_scope","true","deterministic"
"354","DATA_HORA","me fala a data de hoje","Hoje é segunda-feira, 1 de junho de 2026 (horário de Brasília, 23:34).","out_of_scope","true","deterministic"
"355","DATA_HORA","oi, me fala a data de hoje","Hoje é segunda-feira, 1 de junho de 2026 (horário de Brasília, 23:34).","out_of_scope","true","deterministic"
"356","DATA_HORA","horário de brasília","Na FYT posso ajudar com Mídias, posts e informações cadastradas — o que você precisa?","canonical","true","canonical"
"357","DATA_HORA","oi, horário de brasília","Na FYT posso ajudar com Mídias, posts e informações cadastradas — o que você precisa?","canonical","true","canonical"
"358","FORA_ESCOPO","conta uma piada","Isso foge do que faço aqui — sou o Tuma IA da FYT, focado em Mídias, posts e informações da empresa. Quer ajuda com algum desses?","out_of_scope","true","deterministic"
"359","FORA_ESCOPO","qual a previsão do tempo","Isso foge do que faço aqui — sou o Tuma IA da FYT, focado em Mídias, posts e informações da empresa. Quer ajuda com algum desses?","out_of_scope","true","deterministic"
"360","FORA_ESCOPO","receita de bolo","Isso foge do que faço aqui — sou o Tuma IA da FYT, focado em Mídias, posts e informações da empresa. Quer ajuda com algum desses?","out_of_scope","true","deterministic"
"361","FORA_ESCOPO","quem ganhou o jogo","Isso foge do que faço aqui — sou o Tuma IA da FYT, focado em Mídias, posts e informações da empresa. Quer ajuda com algum desses?","out_of_scope","true","deterministic"
"362","FORA_ESCOPO","notícia do dia","Isso foge do que faço aqui — sou o Tuma IA da FYT, focado em Mídias, posts e informações da empresa. Quer ajuda com algum desses?","out_of_scope","true","deterministic"
"363","FORA_ESCOPO","quanto tá o dólar","Na FYT posso ajudar com Mídias, posts e informações cadastradas — o que você precisa?","canonical","true","canonical"
"364","FORA_ESCOPO","me fala de política","Isso foge do que faço aqui — sou o Tuma IA da FYT, focado em Mídias, posts e informações da empresa. Quer ajuda com algum desses?","out_of_scope","true","deterministic"
"365","FORA_ESCOPO","quem vai ganhar o brasileirão","Na FYT posso ajudar com Mídias, posts e informações cadastradas — o que você precisa?","canonical","true","canonical"
"366","FORA_ESCOPO","como fazer panqueca","Na FYT posso ajudar com Mídias, posts e informações cadastradas — o que você precisa?","canonical","true","canonical"
"367","FORA_ESCOPO","qual a capital da frança","Na FYT posso ajudar com Mídias, posts e informações cadastradas — o que você precisa?","canonical","true","canonical"
"368","CORRECAO","não era isso","Entendi — me diz de novo o que você precisa que eu respondo direto.","identity","true","deterministic"
"369","CORRECAO","entendeu errado","Entendi — me diz de novo o que você precisa que eu respondo direto.","identity","true","deterministic"
"370","CORRECAO","para de repetir","Entendi — me diz de novo o que você precisa que eu respondo direto.","identity","true","deterministic"
"371","CORRECAO","não perguntei isso","Entendi — me diz de novo o que você precisa que eu respondo direto.","identity","true","deterministic"
"372","CORRECAO","só queria seu nome","Desculpa! Meu nome é Tuma IA, da FYT.","identity","true","deterministic"
"373","CORRECAO","já falei","Entendi — me diz de novo o que você precisa que eu respondo direto.","identity","true","deterministic"
"374","CORRECAO","errei","Na FYT posso ajudar com Mídias, posts e informações cadastradas — o que você precisa?","canonical","true","canonical"
"375","CORRECAO","não era isso só queria seu nome","Desculpa! Meu nome é Tuma IA, da FYT.","identity","true","deterministic"
"376","AGRADECIMENTO","valeu","Perfeito! Quando a FYT precisar de algo, é só chamar.","identity","true","deterministic"
"377","AGRADECIMENTO","obrigado","Perfeito! Quando a FYT precisar de algo, é só chamar.","identity","true","deterministic"
"378","AGRADECIMENTO","obrigada","Perfeito! Quando a FYT precisar de algo, é só chamar.","identity","true","deterministic"
"379","AGRADECIMENTO","show","Perfeito! Quando a FYT precisar de algo, é só chamar.","identity","true","deterministic"
"380","AGRADECIMENTO","perfeito","Perfeito! Quando a FYT precisar de algo, é só chamar.","identity","true","deterministic"
"381","AGRADECIMENTO","tchau","Perfeito! Quando a FYT precisar de algo, é só chamar.","identity","true","deterministic"
"382","AGRADECIMENTO","até mais","Perfeito! Quando a FYT precisar de algo, é só chamar.","identity","true","deterministic"
"383","AGRADECIMENTO","falou","Perfeito! Quando a FYT precisar de algo, é só chamar.","identity","true","deterministic"
"384","AGRADECIMENTO","vlw","Na FYT posso ajudar com Mídias, posts e informações cadastradas — o que você precisa?","canonical","true","canonical"
"385","COMPOSTO","oi, quem é vc e como funciona","Sou o Tuma IA — ajudo o marketing da FYT com posts e artes pro Instagram.

Você conversa comigo aqui no chat; quando pedir uma arte, o painel mostra um resumo do pedido antes de gerar a prévia. Produtos e campanhas vêm do que está cadastrado em Mídias e Contextos.

Quer listar produtos em Mídias ou montar um post?","composite","true","deterministic"
"386","COMPOSTO","oi qual seu nome e quais produtos","Meu nome é Tuma IA — assistente de criação de artes da FYT.","identity","true","deterministic"
"387","COMPOSTO","bom dia, quais produtos temos","No acervo da FYT temos 4 produtos:

• creatina growth
• monster
• powerade
• whey de chocolate

Quer montar post de algum deles?","acervo","true","deterministic"
"388","COMPOSTO","oi, tem monster?","Sim — temos monster no acervo da FYT.","acervo","true","deterministic"
"389","COMPOSTO","pra que serve e lista produtos","Sirvo a FYT no marketing visual: listo produtos das fotos em Mídias, explico a empresa e contextos cadastrados, e monto posts/artes pro Instagram. Quando você pedir uma arte, o painel mostra o resumo antes da prévia.","identity","true","deterministic"
"390","COMPOSTO","quem é vc e o que tem no acervo","Sou o Tuma IA, assistente de criação de artes da FYT. Ajudo com posts e conteúdo pro Instagram — falo como alguém do marketing de vocês.","identity","true","deterministic"
"391","COMPOSTO","oi, fala da empresa","Trabalho com a FYT. segmento: Suplementos e fitness. Loja de suplementos com foco em performance..","empresa","true","deterministic"
"392","COMPOSTO","qual seu nome e valeu","Meu nome é Tuma IA — assistente de criação de artes da FYT.","identity","true","deterministic"
"393","RUÍDO","hm","Não captei bem — na FYT posso listar produtos, falar da empresa ou montar post. O que você precisa?","canonical","true","canonical"
"394","RUÍDO","ok","Não captei bem — na FYT posso listar produtos, falar da empresa ou montar post. O que você precisa?","canonical","true","canonical"
"395","RUÍDO","entendi","Não captei bem — na FYT posso listar produtos, falar da empresa ou montar post. O que você precisa?","canonical","true","canonical"
"396","RUÍDO","tipo","Não captei bem — na FYT posso listar produtos, falar da empresa ou montar post. O que você precisa?","canonical","true","canonical"
"397","RUÍDO","???","Não captei bem — na FYT posso listar produtos, falar da empresa ou montar post. O que você precisa?","canonical","true","canonical"
"398","RUÍDO","asdf","Não captei bem — na FYT posso listar produtos, falar da empresa ou montar post. O que você precisa?","canonical","true","canonical"
"399","RUÍDO","teste","Não captei bem — na FYT posso listar produtos, falar da empresa ou montar post. O que você precisa?","canonical","true","canonical"
"400","RUÍDO","1+1","Não captei bem — na FYT posso listar produtos, falar da empresa ou montar post. O que você precisa?","canonical","true","canonical"
"401","RUÍDO","hahaha","Não captei bem — na FYT posso listar produtos, falar da empresa ou montar post. O que você precisa?","canonical","true","canonical"
"402","RUÍDO","blz então","Não captei bem — na FYT posso listar produtos, falar da empresa ou montar post. O que você precisa?","canonical","true","canonical"
"403","CONVERSA_GERAL","preço do whey","Me conta com mais clareza — na FYT ajudo com produtos em Mídias, posts/artes e dados da empresa.","canonical","true","canonical"
"404","CONVERSA_GERAL","tem estoque","Não encontrei «estoque» cadastrado em Mídias da FYT. Se for produto novo, cadastre a imagem no painel com esse nome.","acervo","true","deterministic"
"405","CONVERSA_GERAL","vocês entregam","Me conta com mais clareza — na FYT ajudo com produtos em Mídias, posts/artes e dados da empresa.","canonical","true","canonical"
"406","CONVERSA_GERAL","cadastrar produto","Me conta com mais clareza — na FYT ajudo com produtos em Mídias, posts/artes e dados da empresa.","canonical","true","canonical"
"407","CONVERSA_GERAL","subir foto em mídias","No acervo da FYT temos 4 produtos:

• creatina growth
• monster
• powerade
• whey de chocolate

Quer montar post de algum deles?","acervo","true","deterministic"
"408","CONVERSA_GERAL","formato carrossel","Me conta com mais clareza — na FYT ajudo com produtos em Mídias, posts/artes e dados da empresa.","canonical","true","canonical"
"409","CONVERSA_GERAL","texto na imagem","Me conta com mais clareza — na FYT ajudo com produtos em Mídias, posts/artes e dados da empresa.","canonical","true","canonical"
"410","CONVERSA_GERAL","cores da marca no post","Me conta com mais clareza — na FYT ajudo com produtos em Mídias, posts/artes e dados da empresa.","canonical","true","canonical"
"411","CONVERSA_GERAL","usa logo","Me conta com mais clareza — na FYT ajudo com produtos em Mídias, posts/artes e dados da empresa.","canonical","true","canonical"
"412","CONVERSA_GERAL","campanha verão","Me conta com mais clareza — na FYT ajudo com produtos em Mídias, posts/artes e dados da empresa.","canonical","true","canonical"
"413","CONVERSA_GERAL","sim","Me conta com mais clareza — na FYT ajudo com produtos em Mídias, posts/artes e dados da empresa.","canonical","true","canonical"
"414","CONVERSA_GERAL","não","Me conta com mais clareza — na FYT ajudo com produtos em Mídias, posts/artes e dados da empresa.","canonical","true","canonical"
"415","CONVERSA_GERAL","isso mesmo","Me conta com mais clareza — na FYT ajudo com produtos em Mídias, posts/artes e dados da empresa.","canonical","true","canonical"
"416","CONVERSA_GERAL","pode ser","Me conta com mais clareza — na FYT ajudo com produtos em Mídias, posts/artes e dados da empresa.","canonical","true","canonical"
"417","CONVERSA_GERAL","cancela","Me conta com mais clareza — na FYT ajudo com produtos em Mídias, posts/artes e dados da empresa.","canonical","true","canonical"
"418","CONVERSA_GERAL","na verdade quero monster","Me conta com mais clareza — na FYT ajudo com produtos em Mídias, posts/artes e dados da empresa.","canonical","true","canonical"
"419","CONVERSA_GERAL","troca pra whey","Me conta com mais clareza — na FYT ajudo com produtos em Mídias, posts/artes e dados da empresa.","canonical","true","canonical"
"420","CONVERSA_GERAL","e sobre a empresa","Trabalho com a FYT. segmento: Suplementos e fitness. Loja de suplementos com foco em performance..","empresa","true","deterministic"
"421","CONVERSA_GERAL","e os produtos","Me conta com mais clareza — na FYT ajudo com produtos em Mídias, posts/artes e dados da empresa.","canonical","true","canonical"
"422","CONVERSA_GERAL","e o insta","Me conta com mais clareza — na FYT ajudo com produtos em Mídias, posts/artes e dados da empresa.","canonical","true","canonical"
"423","VARIACAO","oi busca monster formato stories #1","Sobre isso, na FYT o que importa é o que está em Mídias — quer listar produtos ou montar post?","canonical","true","canonical"
"424","ACERVO_INFO","oi tem monster na loja ref 1?","Não encontrei «monster na loja ref 1» cadastrado em Mídias da FYT. Se for produto novo, cadastre a imagem no painel com esse nome.","acervo","true","deterministic"
"425","PEDIDO_ARTE","oi post monster stories campanha 1","Na FYT posso ajudar com Mídias, posts e informações cadastradas — o que você precisa?","canonical","true","canonical"
"426","IDENTIDADE","oi qual nome ref 1","Na FYT posso ajudar com Mídias, posts e informações cadastradas — o que você precisa?","canonical","true","canonical"
"427","CONVERSA_GERAL","oi dúvida geral 1 sobre painel","Me conta com mais clareza — na FYT ajudo com produtos em Mídias, posts/artes e dados da empresa.","canonical","true","canonical"
"428","DATA_HORA","oi que dia é hoje consulta 1","Hoje é segunda-feira, 1 de junho de 2026 (horário de Brasília, 23:34).","out_of_scope","true","deterministic"
"429","FORA_ESCOPO","oi pergunta aleatória 1 clima","Isso foge do que faço aqui — sou o Tuma IA da FYT, focado em Mídias, posts e informações da empresa. Quer ajuda com algum desses?","out_of_scope","true","deterministic"
"430","CORRECAO","oi não era isso tentativa 1","Entendi — me diz de novo o que você precisa que eu respondo direto.","identity","true","deterministic"
"431","ACERVO_LISTA","oi produtos lista 1","Na FYT posso ajudar com Mídias, posts e informações cadastradas — o que você precisa?","canonical","true","canonical"
"432","VARIACAO","bom dia mostra creatina growth formato 1:1 #2","Sobre isso, na FYT o que importa é o que está em Mídias — quer listar produtos ou montar post?","canonical","true","canonical"
"433","ACERVO_INFO","bom dia tem creatina growth na loja ref 2?","Sim — temos creatina growth no acervo da FYT.","acervo","true","deterministic"
"434","PEDIDO_ARTE","bom dia post creatina growth 1:1 campanha 2","Na FYT posso ajudar com Mídias, posts e informações cadastradas — o que você precisa?","canonical","true","canonical"
"435","IDENTIDADE","bom dia pra que serve ref 2","Sirvo a FYT no marketing visual: listo produtos das fotos em Mídias, explico a empresa e contextos cadastrados, e monto posts/artes pro Instagram. Quando você pedir uma arte, o painel mostra o resumo antes da prévia.","identity","true","deterministic"
"436","CONVERSA_GERAL","bom dia dúvida geral 2 sobre painel","Me conta com mais clareza — na FYT ajudo com produtos em Mídias, posts/artes e dados da empresa.","canonical","true","canonical"
"437","DATA_HORA","bom dia que dia é hoje consulta 2","Hoje é segunda-feira, 1 de junho de 2026 (horário de Brasília, 23:34).","out_of_scope","true","deterministic"
"438","FORA_ESCOPO","bom dia pergunta aleatória 2 clima","Isso foge do que faço aqui — sou o Tuma IA da FYT, focado em Mídias, posts e informações da empresa. Quer ajuda com algum desses?","out_of_scope","true","deterministic"
"439","CORRECAO","bom dia não era isso tentativa 2","Entendi — me diz de novo o que você precisa que eu respondo direto.","identity","true","deterministic"
"440","ACERVO_LISTA","bom dia produtos lista 2","Na FYT posso ajudar com Mídias, posts e informações cadastradas — o que você precisa?","canonical","true","canonical"
"441","VARIACAO","rapidinho cadê powerade formato carrossel #3","Sobre isso, na FYT o que importa é o que está em Mídias — quer listar produtos ou montar post?","canonical","true","canonical"
"442","ACERVO_INFO","rapidinho tem powerade na loja ref 3?","Não encontrei «powerade na loja ref 3» cadastrado em Mídias da FYT. Se for produto novo, cadastre a imagem no painel com esse nome.","acervo","true","deterministic"
"443","PEDIDO_ARTE","rapidinho post powerade carrossel campanha 3","Na FYT posso ajudar com Mídias, posts e informações cadastradas — o que você precisa?","canonical","true","canonical"
"444","IDENTIDADE","rapidinho como funciona ref 3","Você conversa comigo aqui; para arte, o painel da FYT mostra um resumo do pedido antes da prévia. Produtos e campanhas vêm do que está em Mídias e Contextos.","identity","true","deterministic"
"445","CONVERSA_GERAL","rapidinho dúvida geral 3 sobre painel","Me conta com mais clareza — na FYT ajudo com produtos em Mídias, posts/artes e dados da empresa.","canonical","true","canonical"
"446","DATA_HORA","rapidinho que dia é hoje consulta 3","Hoje é segunda-feira, 1 de junho de 2026 (horário de Brasília, 23:34).","out_of_scope","true","deterministic"
"447","FORA_ESCOPO","rapidinho pergunta aleatória 3 clima","Isso foge do que faço aqui — sou o Tuma IA da FYT, focado em Mídias, posts e informações da empresa. Quer ajuda com algum desses?","out_of_scope","true","deterministic"
"448","CORRECAO","rapidinho não era isso tentativa 3","Entendi — me diz de novo o que você precisa que eu respondo direto.","identity","true","deterministic"
"449","ACERVO_LISTA","rapidinho produtos lista 3","Na FYT posso ajudar com Mídias, posts e informações cadastradas — o que você precisa?","canonical","true","canonical"
"450","VARIACAO","só tem whey formato reels #4","Não encontrei «whey formato reels #4» cadastrado em Mídias da FYT. Se for produto novo, cadastre a imagem no painel com esse nome.","acervo","true","deterministic"
"451","ACERVO_INFO","só tem whey na loja ref 4?","Não encontrei «whey na loja ref 4» cadastrado em Mídias da FYT. Se for produto novo, cadastre a imagem no painel com esse nome.","acervo","true","deterministic"
"452","PEDIDO_ARTE","só post whey reels campanha 4","Na FYT posso ajudar com Mídias, posts e informações cadastradas — o que você precisa?","canonical","true","canonical"
"453","IDENTIDADE","só quem é vc ref 4","Sou o Tuma IA, assistente de criação de artes da FYT. Ajudo com posts e conteúdo pro Instagram — falo como alguém do marketing de vocês.","identity","true","deterministic"
"454","CONVERSA_GERAL","só dúvida geral 4 sobre painel","Me conta com mais clareza — na FYT ajudo com produtos em Mídias, posts/artes e dados da empresa.","canonical","true","canonical"
"455","DATA_HORA","só que dia é hoje consulta 4","Hoje é segunda-feira, 1 de junho de 2026 (horário de Brasília, 23:34).","out_of_scope","true","deterministic"
"456","FORA_ESCOPO","só pergunta aleatória 4 clima","Isso foge do que faço aqui — sou o Tuma IA da FYT, focado em Mídias, posts e informações da empresa. Quer ajuda com algum desses?","out_of_scope","true","deterministic"
"457","CORRECAO","só não era isso tentativa 4","Entendi — me diz de novo o que você precisa que eu respondo direto.","identity","true","deterministic"
"458","ACERVO_LISTA","só produtos lista 4","Na FYT posso ajudar com Mídias, posts e informações cadastradas — o que você precisa?","canonical","true","canonical"
"459","VARIACAO","me diz info creatina formato banner #5","Sobre isso, na FYT o que importa é o que está em Mídias — quer listar produtos ou montar post?","canonical","true","canonical"
"460","ACERVO_INFO","me diz tem creatina na loja ref 5?","Não encontrei «creatina na loja ref 5» cadastrado em Mídias da FYT. Se for produto novo, cadastre a imagem no painel com esse nome.","acervo","true","deterministic"
"461","PEDIDO_ARTE","me diz post creatina banner campanha 5","Na FYT posso ajudar com Mídias, posts e informações cadastradas — o que você precisa?","canonical","true","canonical"
"462","IDENTIDADE","me diz qual nome ref 5","Na FYT posso ajudar com Mídias, posts e informações cadastradas — o que você precisa?","canonical","true","canonical"
"463","CONVERSA_GERAL","me diz dúvida geral 5 sobre painel","Me conta com mais clareza — na FYT ajudo com produtos em Mídias, posts/artes e dados da empresa.","canonical","true","canonical"
"464","DATA_HORA","me diz que dia é hoje consulta 5","Hoje é segunda-feira, 1 de junho de 2026 (horário de Brasília, 23:34).","out_of_scope","true","deterministic"
"465","FORA_ESCOPO","me diz pergunta aleatória 5 clima","Isso foge do que faço aqui — sou o Tuma IA da FYT, focado em Mídias, posts e informações da empresa. Quer ajuda com algum desses?","out_of_scope","true","deterministic"
"466","CORRECAO","me diz não era isso tentativa 5","Entendi — me diz de novo o que você precisa que eu respondo direto.","identity","true","deterministic"
"467","ACERVO_LISTA","me diz produtos lista 5","Na FYT posso ajudar com Mídias, posts e informações cadastradas — o que você precisa?","canonical","true","canonical"
"468","VARIACAO","detalhe whey de chocolate formato feed #6","Sobre isso, na FYT o que importa é o que está em Mídias — quer listar produtos ou montar post?","canonical","true","canonical"
"469","ACERVO_INFO","tem whey de chocolate na loja ref 6?","Não encontrei «whey de chocolate na loja ref 6» cadastrado em Mídias da FYT. Se for produto novo, cadastre a imagem no painel com esse nome.","acervo","true","deterministic"
"470","PEDIDO_ARTE","post whey de chocolate feed campanha 6","Na FYT posso ajudar com Mídias, posts e informações cadastradas — o que você precisa?","canonical","true","canonical"
"471","IDENTIDADE","pra que serve ref 6","Sirvo a FYT no marketing visual: listo produtos das fotos em Mídias, explico a empresa e contextos cadastrados, e monto posts/artes pro Instagram. Quando você pedir uma arte, o painel mostra o resumo antes da prévia.","identity","true","deterministic"
"472","CONVERSA_GERAL","dúvida geral 6 sobre painel","Me conta com mais clareza — na FYT ajudo com produtos em Mídias, posts/artes e dados da empresa.","canonical","true","canonical"
"473","DATA_HORA","que dia é hoje consulta 6","Hoje é segunda-feira, 1 de junho de 2026 (horário de Brasília, 23:34).","out_of_scope","true","deterministic"
"474","FORA_ESCOPO","pergunta aleatória 6 clima","Isso foge do que faço aqui — sou o Tuma IA da FYT, focado em Mídias, posts e informações da empresa. Quer ajuda com algum desses?","out_of_scope","true","deterministic"
"475","CORRECAO","não era isso tentativa 6","Entendi — me diz de novo o que você precisa que eu respondo direto.","identity","true","deterministic"
"476","ACERVO_LISTA","produtos lista 6","Na FYT posso ajudar com Mídias, posts e informações cadastradas — o que você precisa?","canonical","true","canonical"
"477","VARIACAO","oi foto monster formato stories #7","Sobre isso, na FYT o que importa é o que está em Mídias — quer listar produtos ou montar post?","canonical","true","canonical"
"478","ACERVO_INFO","oi tem monster na loja ref 7?","Não encontrei «monster na loja ref 7» cadastrado em Mídias da FYT. Se for produto novo, cadastre a imagem no painel com esse nome.","acervo","true","deterministic"
"479","PEDIDO_ARTE","oi post monster stories campanha 7","Na FYT posso ajudar com Mídias, posts e informações cadastradas — o que você precisa?","canonical","true","canonical"
"480","IDENTIDADE","oi como funciona ref 7","Você conversa comigo aqui; para arte, o painel da FYT mostra um resumo do pedido antes da prévia. Produtos e campanhas vêm do que está em Mídias e Contextos.","identity","true","deterministic"
"481","CONVERSA_GERAL","oi dúvida geral 7 sobre painel","Me conta com mais clareza — na FYT ajudo com produtos em Mídias, posts/artes e dados da empresa.","canonical","true","canonical"
"482","DATA_HORA","oi que dia é hoje consulta 7","Hoje é segunda-feira, 1 de junho de 2026 (horário de Brasília, 23:34).","out_of_scope","true","deterministic"
"483","FORA_ESCOPO","oi pergunta aleatória 7 clima","Isso foge do que faço aqui — sou o Tuma IA da FYT, focado em Mídias, posts e informações da empresa. Quer ajuda com algum desses?","out_of_scope","true","deterministic"
"484","CORRECAO","oi não era isso tentativa 7","Entendi — me diz de novo o que você precisa que eu respondo direto.","identity","true","deterministic"
"485","ACERVO_LISTA","oi produtos lista 7","Na FYT posso ajudar com Mídias, posts e informações cadastradas — o que você precisa?","canonical","true","canonical"
"486","VARIACAO","bom dia lista creatina growth formato 1:1 #8","Sobre isso, na FYT o que importa é o que está em Mídias — quer listar produtos ou montar post?","canonical","true","canonical"
"487","ACERVO_INFO","bom dia tem creatina growth na loja ref 8?","Sim — temos creatina growth no acervo da FYT.","acervo","true","deterministic"
"488","PEDIDO_ARTE","bom dia post creatina growth 1:1 campanha 8","Na FYT posso ajudar com Mídias, posts e informações cadastradas — o que você precisa?","canonical","true","canonical"
"489","IDENTIDADE","bom dia quem é vc ref 8","Sou o Tuma IA, assistente de criação de artes da FYT. Ajudo com posts e conteúdo pro Instagram — falo como alguém do marketing de vocês.","identity","true","deterministic"
"490","CONVERSA_GERAL","bom dia dúvida geral 8 sobre painel","Me conta com mais clareza — na FYT ajudo com produtos em Mídias, posts/artes e dados da empresa.","canonical","true","canonical"
"491","DATA_HORA","bom dia que dia é hoje consulta 8","Hoje é segunda-feira, 1 de junho de 2026 (horário de Brasília, 23:34).","out_of_scope","true","deterministic"
"492","FORA_ESCOPO","bom dia pergunta aleatória 8 clima","Isso foge do que faço aqui — sou o Tuma IA da FYT, focado em Mídias, posts e informações da empresa. Quer ajuda com algum desses?","out_of_scope","true","deterministic"
"493","CORRECAO","bom dia não era isso tentativa 8","Entendi — me diz de novo o que você precisa que eu respondo direto.","identity","true","deterministic"
"494","ACERVO_LISTA","bom dia produtos lista 8","Na FYT posso ajudar com Mídias, posts e informações cadastradas — o que você precisa?","canonical","true","canonical"
"495","VARIACAO","rapidinho busca powerade formato carrossel #9","Sobre isso, na FYT o que importa é o que está em Mídias — quer listar produtos ou montar post?","canonical","true","canonical"
"496","ACERVO_INFO","rapidinho tem powerade na loja ref 9?","Não encontrei «powerade na loja ref 9» cadastrado em Mídias da FYT. Se for produto novo, cadastre a imagem no painel com esse nome.","acervo","true","deterministic"
"497","PEDIDO_ARTE","rapidinho post powerade carrossel campanha 9","Na FYT posso ajudar com Mídias, posts e informações cadastradas — o que você precisa?","canonical","true","canonical"
"498","IDENTIDADE","rapidinho qual nome ref 9","Na FYT posso ajudar com Mídias, posts e informações cadastradas — o que você precisa?","canonical","true","canonical"
"499","CONVERSA_GERAL","rapidinho dúvida geral 9 sobre painel","Me conta com mais clareza — na FYT ajudo com produtos em Mídias, posts/artes e dados da empresa.","canonical","true","canonical"
"500","DATA_HORA","rapidinho que dia é hoje consulta 9","Hoje é segunda-feira, 1 de junho de 2026 (horário de Brasília, 23:34).","out_of_scope","true","deterministic"
"501","FORA_ESCOPO","rapidinho pergunta aleatória 9 clima","Isso foge do que faço aqui — sou o Tuma IA da FYT, focado em Mídias, posts e informações da empresa. Quer ajuda com algum desses?","out_of_scope","true","deterministic"
"502","CORRECAO","rapidinho não era isso tentativa 9","Entendi — me diz de novo o que você precisa que eu respondo direto.","identity","true","deterministic"
"503","ACERVO_LISTA","rapidinho produtos lista 9","Na FYT posso ajudar com Mídias, posts e informações cadastradas — o que você precisa?","canonical","true","canonical"
"504","VARIACAO","só mostra whey formato reels #10","Sobre isso, na FYT o que importa é o que está em Mídias — quer listar produtos ou montar post?","canonical","true","canonical"
"505","ACERVO_INFO","só tem whey na loja ref 10?","Não encontrei «whey na loja ref 10» cadastrado em Mídias da FYT. Se for produto novo, cadastre a imagem no painel com esse nome.","acervo","true","deterministic"
"506","PEDIDO_ARTE","só post whey reels campanha 10","Na FYT posso ajudar com Mídias, posts e informações cadastradas — o que você precisa?","canonical","true","canonical"
"507","IDENTIDADE","só pra que serve ref 10","Sirvo a FYT no marketing visual: listo produtos das fotos em Mídias, explico a empresa e contextos cadastrados, e monto posts/artes pro Instagram. Quando você pedir uma arte, o painel mostra o resumo antes da prévia.","identity","true","deterministic"
"508","CONVERSA_GERAL","só dúvida geral 10 sobre painel","Me conta com mais clareza — na FYT ajudo com produtos em Mídias, posts/artes e dados da empresa.","canonical","true","canonical"
"509","DATA_HORA","só que dia é hoje consulta 10","Hoje é segunda-feira, 1 de junho de 2026 (horário de Brasília, 23:34).","out_of_scope","true","deterministic"
"510","FORA_ESCOPO","só pergunta aleatória 10 clima","Isso foge do que faço aqui — sou o Tuma IA da FYT, focado em Mídias, posts e informações da empresa. Quer ajuda com algum desses?","out_of_scope","true","deterministic"
"511","CORRECAO","só não era isso tentativa 10","Entendi — me diz de novo o que você precisa que eu respondo direto.","identity","true","deterministic"
"512","ACERVO_LISTA","só produtos lista 10","Na FYT posso ajudar com Mídias, posts e informações cadastradas — o que você precisa?","canonical","true","canonical"
"513","VARIACAO","me diz cadê creatina formato banner #11","Sobre isso, na FYT o que importa é o que está em Mídias — quer listar produtos ou montar post?","canonical","true","canonical"
"514","ACERVO_INFO","me diz tem creatina na loja ref 11?","Não encontrei «creatina na loja ref 11» cadastrado em Mídias da FYT. Se for produto novo, cadastre a imagem no painel com esse nome.","acervo","true","deterministic"
"515","PEDIDO_ARTE","me diz post creatina banner campanha 11","Na FYT posso ajudar com Mídias, posts e informações cadastradas — o que você precisa?","canonical","true","canonical"
"516","IDENTIDADE","me diz como funciona ref 11","Você conversa comigo aqui; para arte, o painel da FYT mostra um resumo do pedido antes da prévia. Produtos e campanhas vêm do que está em Mídias e Contextos.","identity","true","deterministic"
"517","CONVERSA_GERAL","me diz dúvida geral 11 sobre painel","Me conta com mais clareza — na FYT ajudo com produtos em Mídias, posts/artes e dados da empresa.","canonical","true","canonical"
"518","DATA_HORA","me diz que dia é hoje consulta 11","Hoje é segunda-feira, 1 de junho de 2026 (horário de Brasília, 23:34).","out_of_scope","true","deterministic"
"519","FORA_ESCOPO","me diz pergunta aleatória 11 clima","Isso foge do que faço aqui — sou o Tuma IA da FYT, focado em Mídias, posts e informações da empresa. Quer ajuda com algum desses?","out_of_scope","true","deterministic"
"520","CORRECAO","me diz não era isso tentativa 11","Entendi — me diz de novo o que você precisa que eu respondo direto.","identity","true","deterministic"
"521","ACERVO_LISTA","me diz produtos lista 11","Na FYT posso ajudar com Mídias, posts e informações cadastradas — o que você precisa?","canonical","true","canonical"
"522","VARIACAO","tem whey de chocolate formato feed #12","Não encontrei «whey de chocolate formato feed #12» cadastrado em Mídias da FYT. Se for produto novo, cadastre a imagem no painel com esse nome.","acervo","true","deterministic"
"523","ACERVO_INFO","tem whey de chocolate na loja ref 12?","Não encontrei «whey de chocolate na loja ref 12» cadastrado em Mídias da FYT. Se for produto novo, cadastre a imagem no painel com esse nome.","acervo","true","deterministic"
"524","PEDIDO_ARTE","post whey de chocolate feed campanha 0","Na FYT posso ajudar com Mídias, posts e informações cadastradas — o que você precisa?","canonical","true","canonical"
"525","IDENTIDADE","quem é vc ref 12","Sou o Tuma IA, assistente de criação de artes da FYT. Ajudo com posts e conteúdo pro Instagram — falo como alguém do marketing de vocês.","identity","true","deterministic"
"526","CONVERSA_GERAL","dúvida geral 12 sobre painel","Me conta com mais clareza — na FYT ajudo com produtos em Mídias, posts/artes e dados da empresa.","canonical","true","canonical"
"527","DATA_HORA","que dia é hoje consulta 12","Hoje é segunda-feira, 1 de junho de 2026 (horário de Brasília, 23:34).","out_of_scope","true","deterministic"
"528","FORA_ESCOPO","pergunta aleatória 12 clima","Isso foge do que faço aqui — sou o Tuma IA da FYT, focado em Mídias, posts e informações da empresa. Quer ajuda com algum desses?","out_of_scope","true","deterministic"
"529","CORRECAO","não era isso tentativa 12","Entendi — me diz de novo o que você precisa que eu respondo direto.","identity","true","deterministic"
"530","ACERVO_LISTA","produtos lista 12","Na FYT posso ajudar com Mídias, posts e informações cadastradas — o que você precisa?","canonical","true","canonical"
"531","VARIACAO","oi info monster formato stories #13","Sobre isso, na FYT o que importa é o que está em Mídias — quer listar produtos ou montar post?","canonical","true","canonical"
"532","ACERVO_INFO","oi tem monster na loja ref 13?","Não encontrei «monster na loja ref 13» cadastrado em Mídias da FYT. Se for produto novo, cadastre a imagem no painel com esse nome.","acervo","true","deterministic"
"533","IDENTIDADE","oi qual nome ref 13","Na FYT posso ajudar com Mídias, posts e informações cadastradas — o que você precisa?","canonical","true","canonical"
"534","CONVERSA_GERAL","oi dúvida geral 13 sobre painel","Me conta com mais clareza — na FYT ajudo com produtos em Mídias, posts/artes e dados da empresa.","canonical","true","canonical"
"535","DATA_HORA","oi que dia é hoje consulta 13","Hoje é segunda-feira, 1 de junho de 2026 (horário de Brasília, 23:34).","out_of_scope","true","deterministic"
"536","FORA_ESCOPO","oi pergunta aleatória 13 clima","Isso foge do que faço aqui — sou o Tuma IA da FYT, focado em Mídias, posts e informações da empresa. Quer ajuda com algum desses?","out_of_scope","true","deterministic"
"537","CORRECAO","oi não era isso tentativa 13","Entendi — me diz de novo o que você precisa que eu respondo direto.","identity","true","deterministic"
"538","ACERVO_LISTA","oi produtos lista 13","Na FYT posso ajudar com Mídias, posts e informações cadastradas — o que você precisa?","canonical","true","canonical"
"539","VARIACAO","bom dia detalhe creatina growth formato 1:1 #14","Sobre isso, na FYT o que importa é o que está em Mídias — quer listar produtos ou montar post?","canonical","true","canonical"
"540","ACERVO_INFO","bom dia tem creatina growth na loja ref 14?","Sim — temos creatina growth no acervo da FYT.","acervo","true","deterministic"
"541","IDENTIDADE","bom dia pra que serve ref 14","Sirvo a FYT no marketing visual: listo produtos das fotos em Mídias, explico a empresa e contextos cadastrados, e monto posts/artes pro Instagram. Quando você pedir uma arte, o painel mostra o resumo antes da prévia.","identity","true","deterministic"
"542","CONVERSA_GERAL","bom dia dúvida geral 14 sobre painel","Me conta com mais clareza — na FYT ajudo com produtos em Mídias, posts/artes e dados da empresa.","canonical","true","canonical"
"543","DATA_HORA","bom dia que dia é hoje consulta 14","Hoje é segunda-feira, 1 de junho de 2026 (horário de Brasília, 23:34).","out_of_scope","true","deterministic"
"544","FORA_ESCOPO","bom dia pergunta aleatória 14 clima","Isso foge do que faço aqui — sou o Tuma IA da FYT, focado em Mídias, posts e informações da empresa. Quer ajuda com algum desses?","out_of_scope","true","deterministic"
"545","CORRECAO","bom dia não era isso tentativa 14","Entendi — me diz de novo o que você precisa que eu respondo direto.","identity","true","deterministic"
"546","ACERVO_LISTA","bom dia produtos lista 14","Na FYT posso ajudar com Mídias, posts e informações cadastradas — o que você precisa?","canonical","true","canonical"
"547","VARIACAO","rapidinho foto powerade formato carrossel #15","Sobre isso, na FYT o que importa é o que está em Mídias — quer listar produtos ou montar post?","canonical","true","canonical"
"548","ACERVO_INFO","rapidinho tem powerade na loja ref 15?","Não encontrei «powerade na loja ref 15» cadastrado em Mídias da FYT. Se for produto novo, cadastre a imagem no painel com esse nome.","acervo","true","deterministic"
"549","IDENTIDADE","rapidinho como funciona ref 15","Você conversa comigo aqui; para arte, o painel da FYT mostra um resumo do pedido antes da prévia. Produtos e campanhas vêm do que está em Mídias e Contextos.","identity","true","deterministic"
"550","CONVERSA_GERAL","rapidinho dúvida geral 15 sobre painel","Me conta com mais clareza — na FYT ajudo com produtos em Mídias, posts/artes e dados da empresa.","canonical","true","canonical"
"551","DATA_HORA","rapidinho que dia é hoje consulta 15","Hoje é segunda-feira, 1 de junho de 2026 (horário de Brasília, 23:34).","out_of_scope","true","deterministic"
"552","FORA_ESCOPO","rapidinho pergunta aleatória 15 clima","Isso foge do que faço aqui — sou o Tuma IA da FYT, focado em Mídias, posts e informações da empresa. Quer ajuda com algum desses?","out_of_scope","true","deterministic"
"553","CORRECAO","rapidinho não era isso tentativa 0","Entendi — me diz de novo o que você precisa que eu respondo direto.","identity","true","deterministic"
"554","ACERVO_LISTA","rapidinho produtos lista 15","Na FYT posso ajudar com Mídias, posts e informações cadastradas — o que você precisa?","canonical","true","canonical"
"555","VARIACAO","só lista whey formato reels #16","Sobre isso, na FYT o que importa é o que está em Mídias — quer listar produtos ou montar post?","canonical","true","canonical"
"556","ACERVO_INFO","só tem whey na loja ref 16?","Não encontrei «whey na loja ref 16» cadastrado em Mídias da FYT. Se for produto novo, cadastre a imagem no painel com esse nome.","acervo","true","deterministic"
"557","IDENTIDADE","só quem é vc ref 16","Sou o Tuma IA, assistente de criação de artes da FYT. Ajudo com posts e conteúdo pro Instagram — falo como alguém do marketing de vocês.","identity","true","deterministic"
"558","CONVERSA_GERAL","só dúvida geral 16 sobre painel","Me conta com mais clareza — na FYT ajudo com produtos em Mídias, posts/artes e dados da empresa.","canonical","true","canonical"
"559","DATA_HORA","só que dia é hoje consulta 16","Hoje é segunda-feira, 1 de junho de 2026 (horário de Brasília, 23:34).","out_of_scope","true","deterministic"
"560","FORA_ESCOPO","só pergunta aleatória 16 clima","Isso foge do que faço aqui — sou o Tuma IA da FYT, focado em Mídias, posts e informações da empresa. Quer ajuda com algum desses?","out_of_scope","true","deterministic"
"561","CORRECAO","só não era isso tentativa 1","Entendi — me diz de novo o que você precisa que eu respondo direto.","identity","true","deterministic"
"562","ACERVO_LISTA","só produtos lista 16","Na FYT posso ajudar com Mídias, posts e informações cadastradas — o que você precisa?","canonical","true","canonical"
"563","VARIACAO","me diz busca creatina formato banner #17","Sobre isso, na FYT o que importa é o que está em Mídias — quer listar produtos ou montar post?","canonical","true","canonical"
"564","ACERVO_INFO","me diz tem creatina na loja ref 17?","Não encontrei «creatina na loja ref 17» cadastrado em Mídias da FYT. Se for produto novo, cadastre a imagem no painel com esse nome.","acervo","true","deterministic"
"565","IDENTIDADE","me diz qual nome ref 17","Na FYT posso ajudar com Mídias, posts e informações cadastradas — o que você precisa?","canonical","true","canonical"
"566","CONVERSA_GERAL","me diz dúvida geral 17 sobre painel","Me conta com mais clareza — na FYT ajudo com produtos em Mídias, posts/artes e dados da empresa.","canonical","true","canonical"
"567","DATA_HORA","me diz que dia é hoje consulta 17","Hoje é segunda-feira, 1 de junho de 2026 (horário de Brasília, 23:34).","out_of_scope","true","deterministic"
"568","FORA_ESCOPO","me diz pergunta aleatória 17 clima","Isso foge do que faço aqui — sou o Tuma IA da FYT, focado em Mídias, posts e informações da empresa. Quer ajuda com algum desses?","out_of_scope","true","deterministic"
"569","CORRECAO","me diz não era isso tentativa 2","Entendi — me diz de novo o que você precisa que eu respondo direto.","identity","true","deterministic"
"570","ACERVO_LISTA","me diz produtos lista 17","Na FYT posso ajudar com Mídias, posts e informações cadastradas — o que você precisa?","canonical","true","canonical"
"571","VARIACAO","mostra whey de chocolate formato feed #18","Sobre isso, na FYT o que importa é o que está em Mídias — quer listar produtos ou montar post?","canonical","true","canonical"
"572","ACERVO_INFO","tem whey de chocolate na loja ref 18?","Não encontrei «whey de chocolate na loja ref 18» cadastrado em Mídias da FYT. Se for produto novo, cadastre a imagem no painel com esse nome.","acervo","true","deterministic"
"573","IDENTIDADE","pra que serve ref 18","Sirvo a FYT no marketing visual: listo produtos das fotos em Mídias, explico a empresa e contextos cadastrados, e monto posts/artes pro Instagram. Quando você pedir uma arte, o painel mostra o resumo antes da prévia.","identity","true","deterministic"
"574","CONVERSA_GERAL","dúvida geral 18 sobre painel","Me conta com mais clareza — na FYT ajudo com produtos em Mídias, posts/artes e dados da empresa.","canonical","true","canonical"
"575","DATA_HORA","que dia é hoje consulta 18","Hoje é segunda-feira, 1 de junho de 2026 (horário de Brasília, 23:34).","out_of_scope","true","deterministic"
"576","FORA_ESCOPO","pergunta aleatória 18 clima","Isso foge do que faço aqui — sou o Tuma IA da FYT, focado em Mídias, posts e informações da empresa. Quer ajuda com algum desses?","out_of_scope","true","deterministic"
"577","CORRECAO","não era isso tentativa 3","Entendi — me diz de novo o que você precisa que eu respondo direto.","identity","true","deterministic"
"578","ACERVO_LISTA","produtos lista 18","Na FYT posso ajudar com Mídias, posts e informações cadastradas — o que você precisa?","canonical","true","canonical"
"579","VARIACAO","oi cadê monster formato stories #19","Sobre isso, na FYT o que importa é o que está em Mídias — quer listar produtos ou montar post?","canonical","true","canonical"
"580","ACERVO_INFO","oi tem monster na loja ref 19?","Não encontrei «monster na loja ref 19» cadastrado em Mídias da FYT. Se for produto novo, cadastre a imagem no painel com esse nome.","acervo","true","deterministic"
"581","IDENTIDADE","oi como funciona ref 19","Você conversa comigo aqui; para arte, o painel da FYT mostra um resumo do pedido antes da prévia. Produtos e campanhas vêm do que está em Mídias e Contextos.","identity","true","deterministic"
"582","CONVERSA_GERAL","oi dúvida geral 19 sobre painel","Me conta com mais clareza — na FYT ajudo com produtos em Mídias, posts/artes e dados da empresa.","canonical","true","canonical"
"583","DATA_HORA","oi que dia é hoje consulta 19","Hoje é segunda-feira, 1 de junho de 2026 (horário de Brasília, 23:34).","out_of_scope","true","deterministic"
"584","FORA_ESCOPO","oi pergunta aleatória 19 clima","Isso foge do que faço aqui — sou o Tuma IA da FYT, focado em Mídias, posts e informações da empresa. Quer ajuda com algum desses?","out_of_scope","true","deterministic"
"585","CORRECAO","oi não era isso tentativa 4","Entendi — me diz de novo o que você precisa que eu respondo direto.","identity","true","deterministic"
"586","ACERVO_LISTA","oi produtos lista 19","Na FYT posso ajudar com Mídias, posts e informações cadastradas — o que você precisa?","canonical","true","canonical"
"587","VARIACAO","bom dia tem creatina growth formato 1:1 #20","Sim — temos creatina growth no acervo da FYT.","acervo","true","deterministic"
"588","ACERVO_INFO","bom dia tem creatina growth na loja ref 20?","Sim — temos creatina growth no acervo da FYT.","acervo","true","deterministic"
"589","IDENTIDADE","bom dia quem é vc ref 20","Sou o Tuma IA, assistente de criação de artes da FYT. Ajudo com posts e conteúdo pro Instagram — falo como alguém do marketing de vocês.","identity","true","deterministic"
"590","CONVERSA_GERAL","bom dia dúvida geral 20 sobre painel","Me conta com mais clareza — na FYT ajudo com produtos em Mídias, posts/artes e dados da empresa.","canonical","true","canonical"
"591","DATA_HORA","bom dia que dia é hoje consulta 0","Hoje é segunda-feira, 1 de junho de 2026 (horário de Brasília, 23:34).","out_of_scope","true","deterministic"
"592","FORA_ESCOPO","bom dia pergunta aleatória 20 clima","Isso foge do que faço aqui — sou o Tuma IA da FYT, focado em Mídias, posts e informações da empresa. Quer ajuda com algum desses?","out_of_scope","true","deterministic"
"593","CORRECAO","bom dia não era isso tentativa 5","Entendi — me diz de novo o que você precisa que eu respondo direto.","identity","true","deterministic"
"594","ACERVO_LISTA","bom dia produtos lista 20","Na FYT posso ajudar com Mídias, posts e informações cadastradas — o que você precisa?","canonical","true","canonical"
"595","VARIACAO","rapidinho info powerade formato carrossel #21","Sobre isso, na FYT o que importa é o que está em Mídias — quer listar produtos ou montar post?","canonical","true","canonical"
"596","ACERVO_INFO","rapidinho tem powerade na loja ref 21?","Não encontrei «powerade na loja ref 21» cadastrado em Mídias da FYT. Se for produto novo, cadastre a imagem no painel com esse nome.","acervo","true","deterministic"
"597","IDENTIDADE","rapidinho qual nome ref 21","Na FYT posso ajudar com Mídias, posts e informações cadastradas — o que você precisa?","canonical","true","canonical"
"598","CONVERSA_GERAL","rapidinho dúvida geral 21 sobre painel","Me conta com mais clareza — na FYT ajudo com produtos em Mídias, posts/artes e dados da empresa.","canonical","true","canonical"
"599","DATA_HORA","rapidinho que dia é hoje consulta 1","Hoje é segunda-feira, 1 de junho de 2026 (horário de Brasília, 23:34).","out_of_scope","true","deterministic"
"600","FORA_ESCOPO","rapidinho pergunta aleatória 21 clima","Isso foge do que faço aqui — sou o Tuma IA da FYT, focado em Mídias, posts e informações da empresa. Quer ajuda com algum desses?","out_of_scope","true","deterministic"
"601","CORRECAO","rapidinho não era isso tentativa 6","Entendi — me diz de novo o que você precisa que eu respondo direto.","identity","true","deterministic"
"602","ACERVO_LISTA","rapidinho produtos lista 21","Na FYT posso ajudar com Mídias, posts e informações cadastradas — o que você precisa?","canonical","true","canonical"
"603","VARIACAO","só detalhe whey formato reels #22","Sobre isso, na FYT o que importa é o que está em Mídias — quer listar produtos ou montar post?","canonical","true","canonical"
"604","ACERVO_INFO","só tem whey na loja ref 22?","Não encontrei «whey na loja ref 22» cadastrado em Mídias da FYT. Se for produto novo, cadastre a imagem no painel com esse nome.","acervo","true","deterministic"
"605","IDENTIDADE","só pra que serve ref 22","Sirvo a FYT no marketing visual: listo produtos das fotos em Mídias, explico a empresa e contextos cadastrados, e monto posts/artes pro Instagram. Quando você pedir uma arte, o painel mostra o resumo antes da prévia.","identity","true","deterministic"
"606","CONVERSA_GERAL","só dúvida geral 22 sobre painel","Me conta com mais clareza — na FYT ajudo com produtos em Mídias, posts/artes e dados da empresa.","canonical","true","canonical"
"607","DATA_HORA","só que dia é hoje consulta 2","Hoje é segunda-feira, 1 de junho de 2026 (horário de Brasília, 23:34).","out_of_scope","true","deterministic"
"608","FORA_ESCOPO","só pergunta aleatória 22 clima","Isso foge do que faço aqui — sou o Tuma IA da FYT, focado em Mídias, posts e informações da empresa. Quer ajuda com algum desses?","out_of_scope","true","deterministic"
"609","CORRECAO","só não era isso tentativa 7","Entendi — me diz de novo o que você precisa que eu respondo direto.","identity","true","deterministic"
"610","ACERVO_LISTA","só produtos lista 22","Na FYT posso ajudar com Mídias, posts e informações cadastradas — o que você precisa?","canonical","true","canonical"
"611","VARIACAO","me diz foto creatina formato banner #23","Sobre isso, na FYT o que importa é o que está em Mídias — quer listar produtos ou montar post?","canonical","true","canonical"
"612","ACERVO_INFO","me diz tem creatina na loja ref 23?","Não encontrei «creatina na loja ref 23» cadastrado em Mídias da FYT. Se for produto novo, cadastre a imagem no painel com esse nome.","acervo","true","deterministic"
"613","IDENTIDADE","me diz como funciona ref 23","Você conversa comigo aqui; para arte, o painel da FYT mostra um resumo do pedido antes da prévia. Produtos e campanhas vêm do que está em Mídias e Contextos.","identity","true","deterministic"
"614","CONVERSA_GERAL","me diz dúvida geral 23 sobre painel","Me conta com mais clareza — na FYT ajudo com produtos em Mídias, posts/artes e dados da empresa.","canonical","true","canonical"
"615","DATA_HORA","me diz que dia é hoje consulta 3","Hoje é segunda-feira, 1 de junho de 2026 (horário de Brasília, 23:34).","out_of_scope","true","deterministic"
"616","FORA_ESCOPO","me diz pergunta aleatória 23 clima","Isso foge do que faço aqui — sou o Tuma IA da FYT, focado em Mídias, posts e informações da empresa. Quer ajuda com algum desses?","out_of_scope","true","deterministic"
"617","CORRECAO","me diz não era isso tentativa 8","Entendi — me diz de novo o que você precisa que eu respondo direto.","identity","true","deterministic"
"618","ACERVO_LISTA","me diz produtos lista 23","Na FYT posso ajudar com Mídias, posts e informações cadastradas — o que você precisa?","canonical","true","canonical"
"619","VARIACAO","lista whey de chocolate formato feed #24","Sobre isso, na FYT o que importa é o que está em Mídias — quer listar produtos ou montar post?","canonical","true","canonical"
"620","ACERVO_INFO","tem whey de chocolate na loja ref 24?","Não encontrei «whey de chocolate na loja ref 24» cadastrado em Mídias da FYT. Se for produto novo, cadastre a imagem no painel com esse nome.","acervo","true","deterministic"
"621","IDENTIDADE","quem é vc ref 24","Sou o Tuma IA, assistente de criação de artes da FYT. Ajudo com posts e conteúdo pro Instagram — falo como alguém do marketing de vocês.","identity","true","deterministic"
"622","CONVERSA_GERAL","dúvida geral 24 sobre painel","Me conta com mais clareza — na FYT ajudo com produtos em Mídias, posts/artes e dados da empresa.","canonical","true","canonical"
"623","DATA_HORA","que dia é hoje consulta 4","Hoje é segunda-feira, 1 de junho de 2026 (horário de Brasília, 23:34).","out_of_scope","true","deterministic"
"624","FORA_ESCOPO","pergunta aleatória 24 clima","Isso foge do que faço aqui — sou o Tuma IA da FYT, focado em Mídias, posts e informações da empresa. Quer ajuda com algum desses?","out_of_scope","true","deterministic"
"625","CORRECAO","não era isso tentativa 9","Entendi — me diz de novo o que você precisa que eu respondo direto.","identity","true","deterministic"
"626","ACERVO_LISTA","produtos lista 24","Na FYT posso ajudar com Mídias, posts e informações cadastradas — o que você precisa?","canonical","true","canonical"
"627","VARIACAO","oi busca monster formato stories #25","Sobre isso, na FYT o que importa é o que está em Mídias — quer listar produtos ou montar post?","canonical","true","canonical"
"628","ACERVO_INFO","oi tem monster na loja ref 25?","Não encontrei «monster na loja ref 25» cadastrado em Mídias da FYT. Se for produto novo, cadastre a imagem no painel com esse nome.","acervo","true","deterministic"
"629","IDENTIDADE","oi qual nome ref 25","Na FYT posso ajudar com Mídias, posts e informações cadastradas — o que você precisa?","canonical","true","canonical"
"630","CONVERSA_GERAL","oi dúvida geral 25 sobre painel","Me conta com mais clareza — na FYT ajudo com produtos em Mídias, posts/artes e dados da empresa.","canonical","true","canonical"
"631","DATA_HORA","oi que dia é hoje consulta 5","Hoje é segunda-feira, 1 de junho de 2026 (horário de Brasília, 23:34).","out_of_scope","true","deterministic"
"632","FORA_ESCOPO","oi pergunta aleatória 25 clima","Isso foge do que faço aqui — sou o Tuma IA da FYT, focado em Mídias, posts e informações da empresa. Quer ajuda com algum desses?","out_of_scope","true","deterministic"
"633","CORRECAO","oi não era isso tentativa 10","Entendi — me diz de novo o que você precisa que eu respondo direto.","identity","true","deterministic"
"634","ACERVO_LISTA","oi produtos lista 0","Na FYT posso ajudar com Mídias, posts e informações cadastradas — o que você precisa?","canonical","true","canonical"
"635","VARIACAO","bom dia mostra creatina growth formato 1:1 #26","Sobre isso, na FYT o que importa é o que está em Mídias — quer listar produtos ou montar post?","canonical","true","canonical"
"636","ACERVO_INFO","bom dia tem creatina growth na loja ref 26?","Sim — temos creatina growth no acervo da FYT.","acervo","true","deterministic"
"637","IDENTIDADE","bom dia pra que serve ref 26","Sirvo a FYT no marketing visual: listo produtos das fotos em Mídias, explico a empresa e contextos cadastrados, e monto posts/artes pro Instagram. Quando você pedir uma arte, o painel mostra o resumo antes da prévia.","identity","true","deterministic"
"638","CONVERSA_GERAL","bom dia dúvida geral 26 sobre painel","Me conta com mais clareza — na FYT ajudo com produtos em Mídias, posts/artes e dados da empresa.","canonical","true","canonical"
"639","DATA_HORA","bom dia que dia é hoje consulta 6","Hoje é segunda-feira, 1 de junho de 2026 (horário de Brasília, 23:34).","out_of_scope","true","deterministic"
"640","FORA_ESCOPO","bom dia pergunta aleatória 26 clima","Isso foge do que faço aqui — sou o Tuma IA da FYT, focado em Mídias, posts e informações da empresa. Quer ajuda com algum desses?","out_of_scope","true","deterministic"
"641","CORRECAO","bom dia não era isso tentativa 11","Entendi — me diz de novo o que você precisa que eu respondo direto.","identity","true","deterministic"
"642","ACERVO_LISTA","bom dia produtos lista 1","Na FYT posso ajudar com Mídias, posts e informações cadastradas — o que você precisa?","canonical","true","canonical"
"643","VARIACAO","rapidinho cadê powerade formato carrossel #27","Sobre isso, na FYT o que importa é o que está em Mídias — quer listar produtos ou montar post?","canonical","true","canonical"
"644","ACERVO_INFO","rapidinho tem powerade na loja ref 27?","Não encontrei «powerade na loja ref 27» cadastrado em Mídias da FYT. Se for produto novo, cadastre a imagem no painel com esse nome.","acervo","true","deterministic"
"645","IDENTIDADE","rapidinho como funciona ref 27","Você conversa comigo aqui; para arte, o painel da FYT mostra um resumo do pedido antes da prévia. Produtos e campanhas vêm do que está em Mídias e Contextos.","identity","true","deterministic"
"646","CONVERSA_GERAL","rapidinho dúvida geral 27 sobre painel","Me conta com mais clareza — na FYT ajudo com produtos em Mídias, posts/artes e dados da empresa.","canonical","true","canonical"
"647","DATA_HORA","rapidinho que dia é hoje consulta 7","Hoje é segunda-feira, 1 de junho de 2026 (horário de Brasília, 23:34).","out_of_scope","true","deterministic"
"648","FORA_ESCOPO","rapidinho pergunta aleatória 27 clima","Isso foge do que faço aqui — sou o Tuma IA da FYT, focado em Mídias, posts e informações da empresa. Quer ajuda com algum desses?","out_of_scope","true","deterministic"
"649","CORRECAO","rapidinho não era isso tentativa 12","Entendi — me diz de novo o que você precisa que eu respondo direto.","identity","true","deterministic"
"650","ACERVO_LISTA","rapidinho produtos lista 2","Na FYT posso ajudar com Mídias, posts e informações cadastradas — o que você precisa?","canonical","true","canonical"
"651","VARIACAO","só tem whey formato reels #28","Não encontrei «whey formato reels #28» cadastrado em Mídias da FYT. Se for produto novo, cadastre a imagem no painel com esse nome.","acervo","true","deterministic"
"652","ACERVO_INFO","só tem whey na loja ref 28?","Não encontrei «whey na loja ref 28» cadastrado em Mídias da FYT. Se for produto novo, cadastre a imagem no painel com esse nome.","acervo","true","deterministic"
"653","IDENTIDADE","só quem é vc ref 28","Sou o Tuma IA, assistente de criação de artes da FYT. Ajudo com posts e conteúdo pro Instagram — falo como alguém do marketing de vocês.","identity","true","deterministic"
"654","CONVERSA_GERAL","só dúvida geral 28 sobre painel","Me conta com mais clareza — na FYT ajudo com produtos em Mídias, posts/artes e dados da empresa.","canonical","true","canonical"
"655","DATA_HORA","só que dia é hoje consulta 8","Hoje é segunda-feira, 1 de junho de 2026 (horário de Brasília, 23:34).","out_of_scope","true","deterministic"
"656","FORA_ESCOPO","só pergunta aleatória 28 clima","Isso foge do que faço aqui — sou o Tuma IA da FYT, focado em Mídias, posts e informações da empresa. Quer ajuda com algum desses?","out_of_scope","true","deterministic"
"657","CORRECAO","só não era isso tentativa 13","Entendi — me diz de novo o que você precisa que eu respondo direto.","identity","true","deterministic"
"658","ACERVO_LISTA","só produtos lista 3","Na FYT posso ajudar com Mídias, posts e informações cadastradas — o que você precisa?","canonical","true","canonical"
"659","VARIACAO","me diz info creatina formato banner #29","Sobre isso, na FYT o que importa é o que está em Mídias — quer listar produtos ou montar post?","canonical","true","canonical"
"660","ACERVO_INFO","me diz tem creatina na loja ref 29?","Não encontrei «creatina na loja ref 29» cadastrado em Mídias da FYT. Se for produto novo, cadastre a imagem no painel com esse nome.","acervo","true","deterministic"
"661","IDENTIDADE","me diz qual nome ref 29","Na FYT posso ajudar com Mídias, posts e informações cadastradas — o que você precisa?","canonical","true","canonical"
"662","CONVERSA_GERAL","me diz dúvida geral 29 sobre painel","Me conta com mais clareza — na FYT ajudo com produtos em Mídias, posts/artes e dados da empresa.","canonical","true","canonical"
"663","DATA_HORA","me diz que dia é hoje consulta 9","Hoje é segunda-feira, 1 de junho de 2026 (horário de Brasília, 23:34).","out_of_scope","true","deterministic"
"664","FORA_ESCOPO","me diz pergunta aleatória 29 clima","Isso foge do que faço aqui — sou o Tuma IA da FYT, focado em Mídias, posts e informações da empresa. Quer ajuda com algum desses?","out_of_scope","true","deterministic"
"665","CORRECAO","me diz não era isso tentativa 14","Entendi — me diz de novo o que você precisa que eu respondo direto.","identity","true","deterministic"
"666","ACERVO_LISTA","me diz produtos lista 4","Na FYT posso ajudar com Mídias, posts e informações cadastradas — o que você precisa?","canonical","true","canonical"
"667","VARIACAO","detalhe whey de chocolate formato feed #30","Sobre isso, na FYT o que importa é o que está em Mídias — quer listar produtos ou montar post?","canonical","true","canonical"
"668","ACERVO_INFO","tem whey de chocolate na loja ref 30?","Não encontrei «whey de chocolate na loja ref 30» cadastrado em Mídias da FYT. Se for produto novo, cadastre a imagem no painel com esse nome.","acervo","true","deterministic"
"669","IDENTIDADE","pra que serve ref 30","Sirvo a FYT no marketing visual: listo produtos das fotos em Mídias, explico a empresa e contextos cadastrados, e monto posts/artes pro Instagram. Quando você pedir uma arte, o painel mostra o resumo antes da prévia.","identity","true","deterministic"
"670","CONVERSA_GERAL","dúvida geral 30 sobre painel","Me conta com mais clareza — na FYT ajudo com produtos em Mídias, posts/artes e dados da empresa.","canonical","true","canonical"
"671","DATA_HORA","que dia é hoje consulta 10","Hoje é segunda-feira, 1 de junho de 2026 (horário de Brasília, 23:34).","out_of_scope","true","deterministic"
"672","FORA_ESCOPO","pergunta aleatória 0 clima","Isso foge do que faço aqui — sou o Tuma IA da FYT, focado em Mídias, posts e informações da empresa. Quer ajuda com algum desses?","out_of_scope","true","deterministic"
"673","CORRECAO","não era isso tentativa 0","Entendi — me diz de novo o que você precisa que eu respondo direto.","identity","true","deterministic"
"674","ACERVO_LISTA","produtos lista 5","Na FYT posso ajudar com Mídias, posts e informações cadastradas — o que você precisa?","canonical","true","canonical"
"675","VARIACAO","oi foto monster formato stories #31","Sobre isso, na FYT o que importa é o que está em Mídias — quer listar produtos ou montar post?","canonical","true","canonical"
"676","ACERVO_INFO","oi tem monster na loja ref 31?","Não encontrei «monster na loja ref 31» cadastrado em Mídias da FYT. Se for produto novo, cadastre a imagem no painel com esse nome.","acervo","true","deterministic"
"677","IDENTIDADE","oi como funciona ref 31","Você conversa comigo aqui; para arte, o painel da FYT mostra um resumo do pedido antes da prévia. Produtos e campanhas vêm do que está em Mídias e Contextos.","identity","true","deterministic"
"678","CONVERSA_GERAL","oi dúvida geral 31 sobre painel","Me conta com mais clareza — na FYT ajudo com produtos em Mídias, posts/artes e dados da empresa.","canonical","true","canonical"
"679","DATA_HORA","oi que dia é hoje consulta 11","Hoje é segunda-feira, 1 de junho de 2026 (horário de Brasília, 23:34).","out_of_scope","true","deterministic"
"680","ACERVO_LISTA","oi produtos lista 6","Na FYT posso ajudar com Mídias, posts e informações cadastradas — o que você precisa?","canonical","true","canonical"
"681","VARIACAO","bom dia lista creatina growth formato 1:1 #32","Sobre isso, na FYT o que importa é o que está em Mídias — quer listar produtos ou montar post?","canonical","true","canonical"
"682","ACERVO_INFO","bom dia tem creatina growth na loja ref 32?","Sim — temos creatina growth no acervo da FYT.","acervo","true","deterministic"
"683","IDENTIDADE","bom dia quem é vc ref 32","Sou o Tuma IA, assistente de criação de artes da FYT. Ajudo com posts e conteúdo pro Instagram — falo como alguém do marketing de vocês.","identity","true","deterministic"
"684","CONVERSA_GERAL","bom dia dúvida geral 32 sobre painel","Me conta com mais clareza — na FYT ajudo com produtos em Mídias, posts/artes e dados da empresa.","canonical","true","canonical"
"685","DATA_HORA","bom dia que dia é hoje consulta 12","Hoje é segunda-feira, 1 de junho de 2026 (horário de Brasília, 23:34).","out_of_scope","true","deterministic"
"686","ACERVO_LISTA","bom dia produtos lista 7","Na FYT posso ajudar com Mídias, posts e informações cadastradas — o que você precisa?","canonical","true","canonical"
"687","VARIACAO","rapidinho busca powerade formato carrossel #33","Sobre isso, na FYT o que importa é o que está em Mídias — quer listar produtos ou montar post?","canonical","true","canonical"
"688","ACERVO_INFO","rapidinho tem powerade na loja ref 33?","Não encontrei «powerade na loja ref 33» cadastrado em Mídias da FYT. Se for produto novo, cadastre a imagem no painel com esse nome.","acervo","true","deterministic"
"689","IDENTIDADE","rapidinho qual nome ref 33","Na FYT posso ajudar com Mídias, posts e informações cadastradas — o que você precisa?","canonical","true","canonical"
"690","CONVERSA_GERAL","rapidinho dúvida geral 33 sobre painel","Me conta com mais clareza — na FYT ajudo com produtos em Mídias, posts/artes e dados da empresa.","canonical","true","canonical"
"691","DATA_HORA","rapidinho que dia é hoje consulta 13","Hoje é segunda-feira, 1 de junho de 2026 (horário de Brasília, 23:34).","out_of_scope","true","deterministic"
"692","ACERVO_LISTA","rapidinho produtos lista 8","Na FYT posso ajudar com Mídias, posts e informações cadastradas — o que você precisa?","canonical","true","canonical"
"693","VARIACAO","só mostra whey formato reels #34","Sobre isso, na FYT o que importa é o que está em Mídias — quer listar produtos ou montar post?","canonical","true","canonical"
"694","ACERVO_INFO","só tem whey na loja ref 34?","Não encontrei «whey na loja ref 34» cadastrado em Mídias da FYT. Se for produto novo, cadastre a imagem no painel com esse nome.","acervo","true","deterministic"
"695","IDENTIDADE","só pra que serve ref 34","Sirvo a FYT no marketing visual: listo produtos das fotos em Mídias, explico a empresa e contextos cadastrados, e monto posts/artes pro Instagram. Quando você pedir uma arte, o painel mostra o resumo antes da prévia.","identity","true","deterministic"
"696","CONVERSA_GERAL","só dúvida geral 34 sobre painel","Me conta com mais clareza — na FYT ajudo com produtos em Mídias, posts/artes e dados da empresa.","canonical","true","canonical"
"697","DATA_HORA","só que dia é hoje consulta 14","Hoje é segunda-feira, 1 de junho de 2026 (horário de Brasília, 23:34).","out_of_scope","true","deterministic"
"698","ACERVO_LISTA","só produtos lista 9","Na FYT posso ajudar com Mídias, posts e informações cadastradas — o que você precisa?","canonical","true","canonical"
"699","VARIACAO","me diz cadê creatina formato banner #35","Sobre isso, na FYT o que importa é o que está em Mídias — quer listar produtos ou montar post?","canonical","true","canonical"
"700","ACERVO_INFO","me diz tem creatina na loja ref 35?","Não encontrei «creatina na loja ref 35» cadastrado em Mídias da FYT. Se for produto novo, cadastre a imagem no painel com esse nome.","acervo","true","deterministic"
"701","IDENTIDADE","me diz como funciona ref 35","Você conversa comigo aqui; para arte, o painel da FYT mostra um resumo do pedido antes da prévia. Produtos e campanhas vêm do que está em Mídias e Contextos.","identity","true","deterministic"
"702","CONVERSA_GERAL","me diz dúvida geral 35 sobre painel","Me conta com mais clareza — na FYT ajudo com produtos em Mídias, posts/artes e dados da empresa.","canonical","true","canonical"
"703","DATA_HORA","me diz que dia é hoje consulta 15","Hoje é segunda-feira, 1 de junho de 2026 (horário de Brasília, 23:34).","out_of_scope","true","deterministic"
"704","ACERVO_LISTA","me diz produtos lista 10","Na FYT posso ajudar com Mídias, posts e informações cadastradas — o que você precisa?","canonical","true","canonical"
"705","VARIACAO","tem whey de chocolate formato feed #36","Não encontrei «whey de chocolate formato feed #36» cadastrado em Mídias da FYT. Se for produto novo, cadastre a imagem no painel com esse nome.","acervo","true","deterministic"
"706","ACERVO_INFO","tem whey de chocolate na loja ref 36?","Não encontrei «whey de chocolate na loja ref 36» cadastrado em Mídias da FYT. Se for produto novo, cadastre a imagem no painel com esse nome.","acervo","true","deterministic"
"707","IDENTIDADE","quem é vc ref 36","Sou o Tuma IA, assistente de criação de artes da FYT. Ajudo com posts e conteúdo pro Instagram — falo como alguém do marketing de vocês.","identity","true","deterministic"
"708","CONVERSA_GERAL","dúvida geral 36 sobre painel","Me conta com mais clareza — na FYT ajudo com produtos em Mídias, posts/artes e dados da empresa.","canonical","true","canonical"
"709","DATA_HORA","que dia é hoje consulta 16","Hoje é segunda-feira, 1 de junho de 2026 (horário de Brasília, 23:34).","out_of_scope","true","deterministic"
"710","ACERVO_LISTA","produtos lista 11","Na FYT posso ajudar com Mídias, posts e informações cadastradas — o que você precisa?","canonical","true","canonical"
"711","VARIACAO","oi info monster formato stories #37","Sobre isso, na FYT o que importa é o que está em Mídias — quer listar produtos ou montar post?","canonical","true","canonical"
"712","ACERVO_INFO","oi tem monster na loja ref 37?","Não encontrei «monster na loja ref 37» cadastrado em Mídias da FYT. Se for produto novo, cadastre a imagem no painel com esse nome.","acervo","true","deterministic"
"713","IDENTIDADE","oi qual nome ref 37","Na FYT posso ajudar com Mídias, posts e informações cadastradas — o que você precisa?","canonical","true","canonical"
"714","CONVERSA_GERAL","oi dúvida geral 37 sobre painel","Me conta com mais clareza — na FYT ajudo com produtos em Mídias, posts/artes e dados da empresa.","canonical","true","canonical"
"715","DATA_HORA","oi que dia é hoje consulta 17","Hoje é segunda-feira, 1 de junho de 2026 (horário de Brasília, 23:34).","out_of_scope","true","deterministic"
"716","ACERVO_LISTA","oi produtos lista 12","Na FYT posso ajudar com Mídias, posts e informações cadastradas — o que você precisa?","canonical","true","canonical"
"717","VARIACAO","bom dia detalhe creatina growth formato 1:1 #38","Sobre isso, na FYT o que importa é o que está em Mídias — quer listar produtos ou montar post?","canonical","true","canonical"
"718","ACERVO_INFO","bom dia tem creatina growth na loja ref 38?","Sim — temos creatina growth no acervo da FYT.","acervo","true","deterministic"
"719","IDENTIDADE","bom dia pra que serve ref 38","Sirvo a FYT no marketing visual: listo produtos das fotos em Mídias, explico a empresa e contextos cadastrados, e monto posts/artes pro Instagram. Quando você pedir uma arte, o painel mostra o resumo antes da prévia.","identity","true","deterministic"
"720","CONVERSA_GERAL","bom dia dúvida geral 38 sobre painel","Me conta com mais clareza — na FYT ajudo com produtos em Mídias, posts/artes e dados da empresa.","canonical","true","canonical"
"721","DATA_HORA","bom dia que dia é hoje consulta 18","Hoje é segunda-feira, 1 de junho de 2026 (horário de Brasília, 23:34).","out_of_scope","true","deterministic"
"722","ACERVO_LISTA","bom dia produtos lista 13","Na FYT posso ajudar com Mídias, posts e informações cadastradas — o que você precisa?","canonical","true","canonical"
"723","VARIACAO","rapidinho foto powerade formato carrossel #39","Sobre isso, na FYT o que importa é o que está em Mídias — quer listar produtos ou montar post?","canonical","true","canonical"
"724","ACERVO_INFO","rapidinho tem powerade na loja ref 39?","Não encontrei «powerade na loja ref 39» cadastrado em Mídias da FYT. Se for produto novo, cadastre a imagem no painel com esse nome.","acervo","true","deterministic"
"725","IDENTIDADE","rapidinho como funciona ref 39","Você conversa comigo aqui; para arte, o painel da FYT mostra um resumo do pedido antes da prévia. Produtos e campanhas vêm do que está em Mídias e Contextos.","identity","true","deterministic"
"726","CONVERSA_GERAL","rapidinho dúvida geral 39 sobre painel","Me conta com mais clareza — na FYT ajudo com produtos em Mídias, posts/artes e dados da empresa.","canonical","true","canonical"
"727","DATA_HORA","rapidinho que dia é hoje consulta 19","Hoje é segunda-feira, 1 de junho de 2026 (horário de Brasília, 23:34).","out_of_scope","true","deterministic"
"728","ACERVO_LISTA","rapidinho produtos lista 14","Na FYT posso ajudar com Mídias, posts e informações cadastradas — o que você precisa?","canonical","true","canonical"
"729","VARIACAO","só lista whey formato reels #40","Sobre isso, na FYT o que importa é o que está em Mídias — quer listar produtos ou montar post?","canonical","true","canonical"
"730","ACERVO_INFO","só tem whey na loja ref 40?","Não encontrei «whey na loja ref 40» cadastrado em Mídias da FYT. Se for produto novo, cadastre a imagem no painel com esse nome.","acervo","true","deterministic"
"731","IDENTIDADE","só quem é vc ref 40","Sou o Tuma IA, assistente de criação de artes da FYT. Ajudo com posts e conteúdo pro Instagram — falo como alguém do marketing de vocês.","identity","true","deterministic"
"732","CONVERSA_GERAL","só dúvida geral 40 sobre painel","Me conta com mais clareza — na FYT ajudo com produtos em Mídias, posts/artes e dados da empresa.","canonical","true","canonical"
"733","DATA_HORA","só que dia é hoje consulta 0","Hoje é segunda-feira, 1 de junho de 2026 (horário de Brasília, 23:34).","out_of_scope","true","deterministic"
"734","ACERVO_LISTA","só produtos lista 15","Na FYT posso ajudar com Mídias, posts e informações cadastradas — o que você precisa?","canonical","true","canonical"
"735","VARIACAO","me diz busca creatina formato banner #41","Sobre isso, na FYT o que importa é o que está em Mídias — quer listar produtos ou montar post?","canonical","true","canonical"
"736","ACERVO_INFO","me diz tem creatina na loja ref 41?","Não encontrei «creatina na loja ref 41» cadastrado em Mídias da FYT. Se for produto novo, cadastre a imagem no painel com esse nome.","acervo","true","deterministic"
"737","IDENTIDADE","me diz qual nome ref 41","Na FYT posso ajudar com Mídias, posts e informações cadastradas — o que você precisa?","canonical","true","canonical"
"738","CONVERSA_GERAL","me diz dúvida geral 41 sobre painel","Me conta com mais clareza — na FYT ajudo com produtos em Mídias, posts/artes e dados da empresa.","canonical","true","canonical"
"739","DATA_HORA","me diz que dia é hoje consulta 1","Hoje é segunda-feira, 1 de junho de 2026 (horário de Brasília, 23:34).","out_of_scope","true","deterministic"
"740","ACERVO_LISTA","me diz produtos lista 16","Na FYT posso ajudar com Mídias, posts e informações cadastradas — o que você precisa?","canonical","true","canonical"
"741","VARIACAO","mostra whey de chocolate formato feed #42","Sobre isso, na FYT o que importa é o que está em Mídias — quer listar produtos ou montar post?","canonical","true","canonical"
"742","ACERVO_INFO","tem whey de chocolate na loja ref 42?","Não encontrei «whey de chocolate na loja ref 42» cadastrado em Mídias da FYT. Se for produto novo, cadastre a imagem no painel com esse nome.","acervo","true","deterministic"
"743","IDENTIDADE","pra que serve ref 42","Sirvo a FYT no marketing visual: listo produtos das fotos em Mídias, explico a empresa e contextos cadastrados, e monto posts/artes pro Instagram. Quando você pedir uma arte, o painel mostra o resumo antes da prévia.","identity","true","deterministic"
"744","CONVERSA_GERAL","dúvida geral 42 sobre painel","Me conta com mais clareza — na FYT ajudo com produtos em Mídias, posts/artes e dados da empresa.","canonical","true","canonical"
"745","DATA_HORA","que dia é hoje consulta 2","Hoje é segunda-feira, 1 de junho de 2026 (horário de Brasília, 23:34).","out_of_scope","true","deterministic"
"746","ACERVO_LISTA","produtos lista 17","Na FYT posso ajudar com Mídias, posts e informações cadastradas — o que você precisa?","canonical","true","canonical"
"747","VARIACAO","oi cadê monster formato stories #43","Sobre isso, na FYT o que importa é o que está em Mídias — quer listar produtos ou montar post?","canonical","true","canonical"
"748","ACERVO_INFO","oi tem monster na loja ref 43?","Não encontrei «monster na loja ref 43» cadastrado em Mídias da FYT. Se for produto novo, cadastre a imagem no painel com esse nome.","acervo","true","deterministic"
"749","IDENTIDADE","oi como funciona ref 43","Você conversa comigo aqui; para arte, o painel da FYT mostra um resumo do pedido antes da prévia. Produtos e campanhas vêm do que está em Mídias e Contextos.","identity","true","deterministic"
"750","CONVERSA_GERAL","oi dúvida geral 43 sobre painel","Me conta com mais clareza — na FYT ajudo com produtos em Mídias, posts/artes e dados da empresa.","canonical","true","canonical"
"751","DATA_HORA","oi que dia é hoje consulta 3","Hoje é segunda-feira, 1 de junho de 2026 (horário de Brasília, 23:34).","out_of_scope","true","deterministic"
"752","ACERVO_LISTA","oi produtos lista 18","Na FYT posso ajudar com Mídias, posts e informações cadastradas — o que você precisa?","canonical","true","canonical"
"753","VARIACAO","bom dia tem creatina growth formato 1:1 #44","Sim — temos creatina growth no acervo da FYT.","acervo","true","deterministic"
"754","ACERVO_INFO","bom dia tem creatina growth na loja ref 44?","Sim — temos creatina growth no acervo da FYT.","acervo","true","deterministic"
"755","IDENTIDADE","bom dia quem é vc ref 44","Sou o Tuma IA, assistente de criação de artes da FYT. Ajudo com posts e conteúdo pro Instagram — falo como alguém do marketing de vocês.","identity","true","deterministic"
"756","CONVERSA_GERAL","bom dia dúvida geral 44 sobre painel","Me conta com mais clareza — na FYT ajudo com produtos em Mídias, posts/artes e dados da empresa.","canonical","true","canonical"
"757","DATA_HORA","bom dia que dia é hoje consulta 4","Hoje é segunda-feira, 1 de junho de 2026 (horário de Brasília, 23:34).","out_of_scope","true","deterministic"
"758","ACERVO_LISTA","bom dia produtos lista 19","Na FYT posso ajudar com Mídias, posts e informações cadastradas — o que você precisa?","canonical","true","canonical"
"759","VARIACAO","rapidinho info powerade formato carrossel #45","Sobre isso, na FYT o que importa é o que está em Mídias — quer listar produtos ou montar post?","canonical","true","canonical"
"760","ACERVO_INFO","rapidinho tem powerade na loja ref 45?","Não encontrei «powerade na loja ref 45» cadastrado em Mídias da FYT. Se for produto novo, cadastre a imagem no painel com esse nome.","acervo","true","deterministic"
"761","IDENTIDADE","rapidinho qual nome ref 45","Na FYT posso ajudar com Mídias, posts e informações cadastradas — o que você precisa?","canonical","true","canonical"
"762","CONVERSA_GERAL","rapidinho dúvida geral 45 sobre painel","Me conta com mais clareza — na FYT ajudo com produtos em Mídias, posts/artes e dados da empresa.","canonical","true","canonical"
"763","DATA_HORA","rapidinho que dia é hoje consulta 5","Hoje é segunda-feira, 1 de junho de 2026 (horário de Brasília, 23:34).","out_of_scope","true","deterministic"
"764","ACERVO_LISTA","rapidinho produtos lista 20","Na FYT posso ajudar com Mídias, posts e informações cadastradas — o que você precisa?","canonical","true","canonical"
"765","VARIACAO","só detalhe whey formato reels #46","Sobre isso, na FYT o que importa é o que está em Mídias — quer listar produtos ou montar post?","canonical","true","canonical"
"766","ACERVO_INFO","só tem whey na loja ref 46?","Não encontrei «whey na loja ref 46» cadastrado em Mídias da FYT. Se for produto novo, cadastre a imagem no painel com esse nome.","acervo","true","deterministic"
"767","IDENTIDADE","só pra que serve ref 46","Sirvo a FYT no marketing visual: listo produtos das fotos em Mídias, explico a empresa e contextos cadastrados, e monto posts/artes pro Instagram. Quando você pedir uma arte, o painel mostra o resumo antes da prévia.","identity","true","deterministic"
"768","CONVERSA_GERAL","só dúvida geral 46 sobre painel","Me conta com mais clareza — na FYT ajudo com produtos em Mídias, posts/artes e dados da empresa.","canonical","true","canonical"
"769","DATA_HORA","só que dia é hoje consulta 6","Hoje é segunda-feira, 1 de junho de 2026 (horário de Brasília, 23:34).","out_of_scope","true","deterministic"
"770","ACERVO_LISTA","só produtos lista 21","Na FYT posso ajudar com Mídias, posts e informações cadastradas — o que você precisa?","canonical","true","canonical"
"771","VARIACAO","me diz foto creatina formato banner #47","Sobre isso, na FYT o que importa é o que está em Mídias — quer listar produtos ou montar post?","canonical","true","canonical"
"772","ACERVO_INFO","me diz tem creatina na loja ref 47?","Não encontrei «creatina na loja ref 47» cadastrado em Mídias da FYT. Se for produto novo, cadastre a imagem no painel com esse nome.","acervo","true","deterministic"
"773","IDENTIDADE","me diz como funciona ref 47","Você conversa comigo aqui; para arte, o painel da FYT mostra um resumo do pedido antes da prévia. Produtos e campanhas vêm do que está em Mídias e Contextos.","identity","true","deterministic"
"774","CONVERSA_GERAL","me diz dúvida geral 47 sobre painel","Me conta com mais clareza — na FYT ajudo com produtos em Mídias, posts/artes e dados da empresa.","canonical","true","canonical"
"775","DATA_HORA","me diz que dia é hoje consulta 7","Hoje é segunda-feira, 1 de junho de 2026 (horário de Brasília, 23:34).","out_of_scope","true","deterministic"
"776","ACERVO_LISTA","me diz produtos lista 22","Na FYT posso ajudar com Mídias, posts e informações cadastradas — o que você precisa?","canonical","true","canonical"
"777","VARIACAO","lista whey de chocolate formato feed #48","Sobre isso, na FYT o que importa é o que está em Mídias — quer listar produtos ou montar post?","canonical","true","canonical"
"778","ACERVO_INFO","tem whey de chocolate na loja ref 48?","Não encontrei «whey de chocolate na loja ref 48» cadastrado em Mídias da FYT. Se for produto novo, cadastre a imagem no painel com esse nome.","acervo","true","deterministic"
"779","IDENTIDADE","quem é vc ref 48","Sou o Tuma IA, assistente de criação de artes da FYT. Ajudo com posts e conteúdo pro Instagram — falo como alguém do marketing de vocês.","identity","true","deterministic"
"780","CONVERSA_GERAL","dúvida geral 48 sobre painel","Me conta com mais clareza — na FYT ajudo com produtos em Mídias, posts/artes e dados da empresa.","canonical","true","canonical"
"781","DATA_HORA","que dia é hoje consulta 8","Hoje é segunda-feira, 1 de junho de 2026 (horário de Brasília, 23:34).","out_of_scope","true","deterministic"
"782","ACERVO_LISTA","produtos lista 23","Na FYT posso ajudar com Mídias, posts e informações cadastradas — o que você precisa?","canonical","true","canonical"
"783","VARIACAO","oi busca monster formato stories #49","Sobre isso, na FYT o que importa é o que está em Mídias — quer listar produtos ou montar post?","canonical","true","canonical"
"784","ACERVO_INFO","oi tem monster na loja ref 49?","Não encontrei «monster na loja ref 49» cadastrado em Mídias da FYT. Se for produto novo, cadastre a imagem no painel com esse nome.","acervo","true","deterministic"
"785","IDENTIDADE","oi qual nome ref 49","Na FYT posso ajudar com Mídias, posts e informações cadastradas — o que você precisa?","canonical","true","canonical"
"786","CONVERSA_GERAL","oi dúvida geral 49 sobre painel","Me conta com mais clareza — na FYT ajudo com produtos em Mídias, posts/artes e dados da empresa.","canonical","true","canonical"
"787","DATA_HORA","oi que dia é hoje consulta 9","Hoje é segunda-feira, 1 de junho de 2026 (horário de Brasília, 23:34).","out_of_scope","true","deterministic"
"788","ACERVO_LISTA","oi produtos lista 24","Na FYT posso ajudar com Mídias, posts e informações cadastradas — o que você precisa?","canonical","true","canonical"
"789","VARIACAO","bom dia mostra creatina growth formato 1:1 #50","Sobre isso, na FYT o que importa é o que está em Mídias — quer listar produtos ou montar post?","canonical","true","canonical"
"790","ACERVO_INFO","bom dia tem creatina growth na loja ref 50?","Sim — temos creatina growth no acervo da FYT.","acervo","true","deterministic"
"791","IDENTIDADE","bom dia pra que serve ref 50","Sirvo a FYT no marketing visual: listo produtos das fotos em Mídias, explico a empresa e contextos cadastrados, e monto posts/artes pro Instagram. Quando você pedir uma arte, o painel mostra o resumo antes da prévia.","identity","true","deterministic"
"792","CONVERSA_GERAL","bom dia dúvida geral 0 sobre painel","Me conta com mais clareza — na FYT ajudo com produtos em Mídias, posts/artes e dados da empresa.","canonical","true","canonical"
"793","DATA_HORA","bom dia que dia é hoje consulta 10","Hoje é segunda-feira, 1 de junho de 2026 (horário de Brasília, 23:34).","out_of_scope","true","deterministic"
"794","ACERVO_LISTA","bom dia produtos lista 0","Na FYT posso ajudar com Mídias, posts e informações cadastradas — o que você precisa?","canonical","true","canonical"
"795","VARIACAO","rapidinho cadê powerade formato carrossel #51","Sobre isso, na FYT o que importa é o que está em Mídias — quer listar produtos ou montar post?","canonical","true","canonical"
"796","ACERVO_INFO","rapidinho tem powerade na loja ref 51?","Não encontrei «powerade na loja ref 51» cadastrado em Mídias da FYT. Se for produto novo, cadastre a imagem no painel com esse nome.","acervo","true","deterministic"
"797","IDENTIDADE","rapidinho como funciona ref 51","Você conversa comigo aqui; para arte, o painel da FYT mostra um resumo do pedido antes da prévia. Produtos e campanhas vêm do que está em Mídias e Contextos.","identity","true","deterministic"
"798","CONVERSA_GERAL","rapidinho dúvida geral 1 sobre painel","Me conta com mais clareza — na FYT ajudo com produtos em Mídias, posts/artes e dados da empresa.","canonical","true","canonical"
"799","DATA_HORA","rapidinho que dia é hoje consulta 11","Hoje é segunda-feira, 1 de junho de 2026 (horário de Brasília, 23:34).","out_of_scope","true","deterministic"
"800","ACERVO_LISTA","rapidinho produtos lista 1","Na FYT posso ajudar com Mídias, posts e informações cadastradas — o que você precisa?","canonical","true","canonical"
"801","VARIACAO","só tem whey formato reels #52","Não encontrei «whey formato reels #52» cadastrado em Mídias da FYT. Se for produto novo, cadastre a imagem no painel com esse nome.","acervo","true","deterministic"
"802","ACERVO_INFO","só tem whey na loja ref 52?","Não encontrei «whey na loja ref 52» cadastrado em Mídias da FYT. Se for produto novo, cadastre a imagem no painel com esse nome.","acervo","true","deterministic"
"803","IDENTIDADE","só quem é vc ref 52","Sou o Tuma IA, assistente de criação de artes da FYT. Ajudo com posts e conteúdo pro Instagram — falo como alguém do marketing de vocês.","identity","true","deterministic"
"804","CONVERSA_GERAL","só dúvida geral 2 sobre painel","Me conta com mais clareza — na FYT ajudo com produtos em Mídias, posts/artes e dados da empresa.","canonical","true","canonical"
"805","DATA_HORA","só que dia é hoje consulta 12","Hoje é segunda-feira, 1 de junho de 2026 (horário de Brasília, 23:34).","out_of_scope","true","deterministic"
"806","ACERVO_LISTA","só produtos lista 2","Na FYT posso ajudar com Mídias, posts e informações cadastradas — o que você precisa?","canonical","true","canonical"
"807","VARIACAO","me diz info creatina formato banner #53","Sobre isso, na FYT o que importa é o que está em Mídias — quer listar produtos ou montar post?","canonical","true","canonical"
"808","ACERVO_INFO","me diz tem creatina na loja ref 53?","Não encontrei «creatina na loja ref 53» cadastrado em Mídias da FYT. Se for produto novo, cadastre a imagem no painel com esse nome.","acervo","true","deterministic"
"809","IDENTIDADE","me diz qual nome ref 53","Na FYT posso ajudar com Mídias, posts e informações cadastradas — o que você precisa?","canonical","true","canonical"
"810","CONVERSA_GERAL","me diz dúvida geral 3 sobre painel","Me conta com mais clareza — na FYT ajudo com produtos em Mídias, posts/artes e dados da empresa.","canonical","true","canonical"
"811","DATA_HORA","me diz que dia é hoje consulta 13","Hoje é segunda-feira, 1 de junho de 2026 (horário de Brasília, 23:34).","out_of_scope","true","deterministic"
"812","ACERVO_LISTA","me diz produtos lista 3","Na FYT posso ajudar com Mídias, posts e informações cadastradas — o que você precisa?","canonical","true","canonical"
"813","VARIACAO","detalhe whey de chocolate formato feed #54","Sobre isso, na FYT o que importa é o que está em Mídias — quer listar produtos ou montar post?","canonical","true","canonical"
"814","ACERVO_INFO","tem whey de chocolate na loja ref 54?","Não encontrei «whey de chocolate na loja ref 54» cadastrado em Mídias da FYT. Se for produto novo, cadastre a imagem no painel com esse nome.","acervo","true","deterministic"
"815","IDENTIDADE","pra que serve ref 54","Sirvo a FYT no marketing visual: listo produtos das fotos em Mídias, explico a empresa e contextos cadastrados, e monto posts/artes pro Instagram. Quando você pedir uma arte, o painel mostra o resumo antes da prévia.","identity","true","deterministic"
"816","CONVERSA_GERAL","dúvida geral 4 sobre painel","Me conta com mais clareza — na FYT ajudo com produtos em Mídias, posts/artes e dados da empresa.","canonical","true","canonical"
"817","DATA_HORA","que dia é hoje consulta 14","Hoje é segunda-feira, 1 de junho de 2026 (horário de Brasília, 23:34).","out_of_scope","true","deterministic"
"818","ACERVO_LISTA","produtos lista 4","Na FYT posso ajudar com Mídias, posts e informações cadastradas — o que você precisa?","canonical","true","canonical"
"819","VARIACAO","oi foto monster formato stories #55","Sobre isso, na FYT o que importa é o que está em Mídias — quer listar produtos ou montar post?","canonical","true","canonical"
"820","ACERVO_INFO","oi tem monster na loja ref 55?","Não encontrei «monster na loja ref 55» cadastrado em Mídias da FYT. Se for produto novo, cadastre a imagem no painel com esse nome.","acervo","true","deterministic"
"821","IDENTIDADE","oi como funciona ref 55","Você conversa comigo aqui; para arte, o painel da FYT mostra um resumo do pedido antes da prévia. Produtos e campanhas vêm do que está em Mídias e Contextos.","identity","true","deterministic"
"822","CONVERSA_GERAL","oi dúvida geral 5 sobre painel","Me conta com mais clareza — na FYT ajudo com produtos em Mídias, posts/artes e dados da empresa.","canonical","true","canonical"
"823","DATA_HORA","oi que dia é hoje consulta 15","Hoje é segunda-feira, 1 de junho de 2026 (horário de Brasília, 23:34).","out_of_scope","true","deterministic"
"824","ACERVO_LISTA","oi produtos lista 5","Na FYT posso ajudar com Mídias, posts e informações cadastradas — o que você precisa?","canonical","true","canonical"
"825","VARIACAO","bom dia lista creatina growth formato 1:1 #56","Sobre isso, na FYT o que importa é o que está em Mídias — quer listar produtos ou montar post?","canonical","true","canonical"
"826","ACERVO_INFO","bom dia tem creatina growth na loja ref 56?","Sim — temos creatina growth no acervo da FYT.","acervo","true","deterministic"
"827","IDENTIDADE","bom dia quem é vc ref 56","Sou o Tuma IA, assistente de criação de artes da FYT. Ajudo com posts e conteúdo pro Instagram — falo como alguém do marketing de vocês.","identity","true","deterministic"
"828","CONVERSA_GERAL","bom dia dúvida geral 6 sobre painel","Me conta com mais clareza — na FYT ajudo com produtos em Mídias, posts/artes e dados da empresa.","canonical","true","canonical"
"829","DATA_HORA","bom dia que dia é hoje consulta 16","Hoje é segunda-feira, 1 de junho de 2026 (horário de Brasília, 23:34).","out_of_scope","true","deterministic"
"830","ACERVO_LISTA","bom dia produtos lista 6","Na FYT posso ajudar com Mídias, posts e informações cadastradas — o que você precisa?","canonical","true","canonical"
"831","VARIACAO","rapidinho busca powerade formato carrossel #57","Sobre isso, na FYT o que importa é o que está em Mídias — quer listar produtos ou montar post?","canonical","true","canonical"
"832","ACERVO_INFO","rapidinho tem powerade na loja ref 57?","Não encontrei «powerade na loja ref 57» cadastrado em Mídias da FYT. Se for produto novo, cadastre a imagem no painel com esse nome.","acervo","true","deterministic"
"833","IDENTIDADE","rapidinho qual nome ref 57","Na FYT posso ajudar com Mídias, posts e informações cadastradas — o que você precisa?","canonical","true","canonical"
"834","CONVERSA_GERAL","rapidinho dúvida geral 7 sobre painel","Me conta com mais clareza — na FYT ajudo com produtos em Mídias, posts/artes e dados da empresa.","canonical","true","canonical"
"835","DATA_HORA","rapidinho que dia é hoje consulta 17","Hoje é segunda-feira, 1 de junho de 2026 (horário de Brasília, 23:34).","out_of_scope","true","deterministic"
"836","ACERVO_LISTA","rapidinho produtos lista 7","Na FYT posso ajudar com Mídias, posts e informações cadastradas — o que você precisa?","canonical","true","canonical"
"837","VARIACAO","só mostra whey formato reels #58","Sobre isso, na FYT o que importa é o que está em Mídias — quer listar produtos ou montar post?","canonical","true","canonical"
"838","ACERVO_INFO","só tem whey na loja ref 58?","Não encontrei «whey na loja ref 58» cadastrado em Mídias da FYT. Se for produto novo, cadastre a imagem no painel com esse nome.","acervo","true","deterministic"
"839","IDENTIDADE","só pra que serve ref 58","Sirvo a FYT no marketing visual: listo produtos das fotos em Mídias, explico a empresa e contextos cadastrados, e monto posts/artes pro Instagram. Quando você pedir uma arte, o painel mostra o resumo antes da prévia.","identity","true","deterministic"
"840","CONVERSA_GERAL","só dúvida geral 8 sobre painel","Me conta com mais clareza — na FYT ajudo com produtos em Mídias, posts/artes e dados da empresa.","canonical","true","canonical"
"841","DATA_HORA","só que dia é hoje consulta 18","Hoje é segunda-feira, 1 de junho de 2026 (horário de Brasília, 23:34).","out_of_scope","true","deterministic"
"842","ACERVO_LISTA","só produtos lista 8","Na FYT posso ajudar com Mídias, posts e informações cadastradas — o que você precisa?","canonical","true","canonical"
"843","VARIACAO","me diz cadê creatina formato banner #59","Sobre isso, na FYT o que importa é o que está em Mídias — quer listar produtos ou montar post?","canonical","true","canonical"
"844","ACERVO_INFO","me diz tem creatina na loja ref 59?","Não encontrei «creatina na loja ref 59» cadastrado em Mídias da FYT. Se for produto novo, cadastre a imagem no painel com esse nome.","acervo","true","deterministic"
"845","IDENTIDADE","me diz como funciona ref 59","Você conversa comigo aqui; para arte, o painel da FYT mostra um resumo do pedido antes da prévia. Produtos e campanhas vêm do que está em Mídias e Contextos.","identity","true","deterministic"
"846","CONVERSA_GERAL","me diz dúvida geral 9 sobre painel","Me conta com mais clareza — na FYT ajudo com produtos em Mídias, posts/artes e dados da empresa.","canonical","true","canonical"
"847","DATA_HORA","me diz que dia é hoje consulta 19","Hoje é segunda-feira, 1 de junho de 2026 (horário de Brasília, 23:34).","out_of_scope","true","deterministic"
"848","ACERVO_LISTA","me diz produtos lista 9","Na FYT posso ajudar com Mídias, posts e informações cadastradas — o que você precisa?","canonical","true","canonical"
"849","VARIACAO","tem whey de chocolate formato feed #60","Não encontrei «whey de chocolate formato feed #60» cadastrado em Mídias da FYT. Se for produto novo, cadastre a imagem no painel com esse nome.","acervo","true","deterministic"
"850","ACERVO_INFO","tem whey de chocolate na loja ref 60?","Não encontrei «whey de chocolate na loja ref 60» cadastrado em Mídias da FYT. Se for produto novo, cadastre a imagem no painel com esse nome.","acervo","true","deterministic"
"851","IDENTIDADE","quem é vc ref 60","Sou o Tuma IA, assistente de criação de artes da FYT. Ajudo com posts e conteúdo pro Instagram — falo como alguém do marketing de vocês.","identity","true","deterministic"
"852","CONVERSA_GERAL","dúvida geral 10 sobre painel","Me conta com mais clareza — na FYT ajudo com produtos em Mídias, posts/artes e dados da empresa.","canonical","true","canonical"
"853","DATA_HORA","que dia é hoje consulta 0","Hoje é segunda-feira, 1 de junho de 2026 (horário de Brasília, 23:34).","out_of_scope","true","deterministic"
"854","ACERVO_LISTA","produtos lista 10","Na FYT posso ajudar com Mídias, posts e informações cadastradas — o que você precisa?","canonical","true","canonical"
"855","VARIACAO","oi info monster formato stories #61","Sobre isso, na FYT o que importa é o que está em Mídias — quer listar produtos ou montar post?","canonical","true","canonical"
"856","ACERVO_INFO","oi tem monster na loja ref 61?","Não encontrei «monster na loja ref 61» cadastrado em Mídias da FYT. Se for produto novo, cadastre a imagem no painel com esse nome.","acervo","true","deterministic"
"857","IDENTIDADE","oi qual nome ref 61","Na FYT posso ajudar com Mídias, posts e informações cadastradas — o que você precisa?","canonical","true","canonical"
"858","CONVERSA_GERAL","oi dúvida geral 11 sobre painel","Me conta com mais clareza — na FYT ajudo com produtos em Mídias, posts/artes e dados da empresa.","canonical","true","canonical"
"859","ACERVO_LISTA","oi produtos lista 11","Na FYT posso ajudar com Mídias, posts e informações cadastradas — o que você precisa?","canonical","true","canonical"
"860","VARIACAO","bom dia detalhe creatina growth formato 1:1 #62","Sobre isso, na FYT o que importa é o que está em Mídias — quer listar produtos ou montar post?","canonical","true","canonical"
"861","ACERVO_INFO","bom dia tem creatina growth na loja ref 62?","Sim — temos creatina growth no acervo da FYT.","acervo","true","deterministic"
"862","IDENTIDADE","bom dia pra que serve ref 62","Sirvo a FYT no marketing visual: listo produtos das fotos em Mídias, explico a empresa e contextos cadastrados, e monto posts/artes pro Instagram. Quando você pedir uma arte, o painel mostra o resumo antes da prévia.","identity","true","deterministic"
"863","CONVERSA_GERAL","bom dia dúvida geral 12 sobre painel","Me conta com mais clareza — na FYT ajudo com produtos em Mídias, posts/artes e dados da empresa.","canonical","true","canonical"
"864","ACERVO_LISTA","bom dia produtos lista 12","Na FYT posso ajudar com Mídias, posts e informações cadastradas — o que você precisa?","canonical","true","canonical"
"865","VARIACAO","rapidinho foto powerade formato carrossel #63","Sobre isso, na FYT o que importa é o que está em Mídias — quer listar produtos ou montar post?","canonical","true","canonical"
"866","ACERVO_INFO","rapidinho tem powerade na loja ref 63?","Não encontrei «powerade na loja ref 63» cadastrado em Mídias da FYT. Se for produto novo, cadastre a imagem no painel com esse nome.","acervo","true","deterministic"
"867","IDENTIDADE","rapidinho como funciona ref 63","Você conversa comigo aqui; para arte, o painel da FYT mostra um resumo do pedido antes da prévia. Produtos e campanhas vêm do que está em Mídias e Contextos.","identity","true","deterministic"
"868","CONVERSA_GERAL","rapidinho dúvida geral 13 sobre painel","Me conta com mais clareza — na FYT ajudo com produtos em Mídias, posts/artes e dados da empresa.","canonical","true","canonical"
"869","ACERVO_LISTA","rapidinho produtos lista 13","Na FYT posso ajudar com Mídias, posts e informações cadastradas — o que você precisa?","canonical","true","canonical"
"870","VARIACAO","só lista whey formato reels #64","Sobre isso, na FYT o que importa é o que está em Mídias — quer listar produtos ou montar post?","canonical","true","canonical"
"871","ACERVO_INFO","só tem whey na loja ref 64?","Não encontrei «whey na loja ref 64» cadastrado em Mídias da FYT. Se for produto novo, cadastre a imagem no painel com esse nome.","acervo","true","deterministic"
"872","IDENTIDADE","só quem é vc ref 64","Sou o Tuma IA, assistente de criação de artes da FYT. Ajudo com posts e conteúdo pro Instagram — falo como alguém do marketing de vocês.","identity","true","deterministic"
"873","CONVERSA_GERAL","só dúvida geral 14 sobre painel","Me conta com mais clareza — na FYT ajudo com produtos em Mídias, posts/artes e dados da empresa.","canonical","true","canonical"
"874","ACERVO_LISTA","só produtos lista 14","Na FYT posso ajudar com Mídias, posts e informações cadastradas — o que você precisa?","canonical","true","canonical"
"875","VARIACAO","me diz busca creatina formato banner #65","Sobre isso, na FYT o que importa é o que está em Mídias — quer listar produtos ou montar post?","canonical","true","canonical"
"876","ACERVO_INFO","me diz tem creatina na loja ref 65?","Não encontrei «creatina na loja ref 65» cadastrado em Mídias da FYT. Se for produto novo, cadastre a imagem no painel com esse nome.","acervo","true","deterministic"
"877","IDENTIDADE","me diz qual nome ref 65","Na FYT posso ajudar com Mídias, posts e informações cadastradas — o que você precisa?","canonical","true","canonical"
"878","CONVERSA_GERAL","me diz dúvida geral 15 sobre painel","Me conta com mais clareza — na FYT ajudo com produtos em Mídias, posts/artes e dados da empresa.","canonical","true","canonical"
"879","ACERVO_LISTA","me diz produtos lista 15","Na FYT posso ajudar com Mídias, posts e informações cadastradas — o que você precisa?","canonical","true","canonical"
"880","VARIACAO","mostra whey de chocolate formato feed #66","Sobre isso, na FYT o que importa é o que está em Mídias — quer listar produtos ou montar post?","canonical","true","canonical"
"881","ACERVO_INFO","tem whey de chocolate na loja ref 66?","Não encontrei «whey de chocolate na loja ref 66» cadastrado em Mídias da FYT. Se for produto novo, cadastre a imagem no painel com esse nome.","acervo","true","deterministic"
"882","IDENTIDADE","pra que serve ref 66","Sirvo a FYT no marketing visual: listo produtos das fotos em Mídias, explico a empresa e contextos cadastrados, e monto posts/artes pro Instagram. Quando você pedir uma arte, o painel mostra o resumo antes da prévia.","identity","true","deterministic"
"883","CONVERSA_GERAL","dúvida geral 16 sobre painel","Me conta com mais clareza — na FYT ajudo com produtos em Mídias, posts/artes e dados da empresa.","canonical","true","canonical"
"884","ACERVO_LISTA","produtos lista 16","Na FYT posso ajudar com Mídias, posts e informações cadastradas — o que você precisa?","canonical","true","canonical"
"885","VARIACAO","oi cadê monster formato stories #67","Sobre isso, na FYT o que importa é o que está em Mídias — quer listar produtos ou montar post?","canonical","true","canonical"
"886","ACERVO_INFO","oi tem monster na loja ref 67?","Não encontrei «monster na loja ref 67» cadastrado em Mídias da FYT. Se for produto novo, cadastre a imagem no painel com esse nome.","acervo","true","deterministic"
"887","IDENTIDADE","oi como funciona ref 67","Você conversa comigo aqui; para arte, o painel da FYT mostra um resumo do pedido antes da prévia. Produtos e campanhas vêm do que está em Mídias e Contextos.","identity","true","deterministic"
"888","CONVERSA_GERAL","oi dúvida geral 17 sobre painel","Me conta com mais clareza — na FYT ajudo com produtos em Mídias, posts/artes e dados da empresa.","canonical","true","canonical"
"889","ACERVO_LISTA","oi produtos lista 17","Na FYT posso ajudar com Mídias, posts e informações cadastradas — o que você precisa?","canonical","true","canonical"
"890","VARIACAO","bom dia tem creatina growth formato 1:1 #68","Sim — temos creatina growth no acervo da FYT.","acervo","true","deterministic"
"891","ACERVO_INFO","bom dia tem creatina growth na loja ref 68?","Sim — temos creatina growth no acervo da FYT.","acervo","true","deterministic"
"892","IDENTIDADE","bom dia quem é vc ref 68","Sou o Tuma IA, assistente de criação de artes da FYT. Ajudo com posts e conteúdo pro Instagram — falo como alguém do marketing de vocês.","identity","true","deterministic"
"893","CONVERSA_GERAL","bom dia dúvida geral 18 sobre painel","Me conta com mais clareza — na FYT ajudo com produtos em Mídias, posts/artes e dados da empresa.","canonical","true","canonical"
"894","ACERVO_LISTA","bom dia produtos lista 18","Na FYT posso ajudar com Mídias, posts e informações cadastradas — o que você precisa?","canonical","true","canonical"
"895","VARIACAO","rapidinho info powerade formato carrossel #69","Sobre isso, na FYT o que importa é o que está em Mídias — quer listar produtos ou montar post?","canonical","true","canonical"
"896","ACERVO_INFO","rapidinho tem powerade na loja ref 69?","Não encontrei «powerade na loja ref 69» cadastrado em Mídias da FYT. Se for produto novo, cadastre a imagem no painel com esse nome.","acervo","true","deterministic"
"897","IDENTIDADE","rapidinho qual nome ref 69","Na FYT posso ajudar com Mídias, posts e informações cadastradas — o que você precisa?","canonical","true","canonical"
"898","CONVERSA_GERAL","rapidinho dúvida geral 19 sobre painel","Me conta com mais clareza — na FYT ajudo com produtos em Mídias, posts/artes e dados da empresa.","canonical","true","canonical"
"899","ACERVO_LISTA","rapidinho produtos lista 19","Na FYT posso ajudar com Mídias, posts e informações cadastradas — o que você precisa?","canonical","true","canonical"
"900","VARIACAO","só detalhe whey formato reels #70","Sobre isso, na FYT o que importa é o que está em Mídias — quer listar produtos ou montar post?","canonical","true","canonical"
"901","ACERVO_INFO","só tem whey na loja ref 70?","Não encontrei «whey na loja ref 70» cadastrado em Mídias da FYT. Se for produto novo, cadastre a imagem no painel com esse nome.","acervo","true","deterministic"
"902","IDENTIDADE","só pra que serve ref 70","Sirvo a FYT no marketing visual: listo produtos das fotos em Mídias, explico a empresa e contextos cadastrados, e monto posts/artes pro Instagram. Quando você pedir uma arte, o painel mostra o resumo antes da prévia.","identity","true","deterministic"
"903","CONVERSA_GERAL","só dúvida geral 20 sobre painel","Me conta com mais clareza — na FYT ajudo com produtos em Mídias, posts/artes e dados da empresa.","canonical","true","canonical"
"904","ACERVO_LISTA","só produtos lista 20","Na FYT posso ajudar com Mídias, posts e informações cadastradas — o que você precisa?","canonical","true","canonical"
"905","VARIACAO","me diz foto creatina formato banner #71","Sobre isso, na FYT o que importa é o que está em Mídias — quer listar produtos ou montar post?","canonical","true","canonical"
"906","ACERVO_INFO","me diz tem creatina na loja ref 71?","Não encontrei «creatina na loja ref 71» cadastrado em Mídias da FYT. Se for produto novo, cadastre a imagem no painel com esse nome.","acervo","true","deterministic"
"907","IDENTIDADE","me diz como funciona ref 71","Você conversa comigo aqui; para arte, o painel da FYT mostra um resumo do pedido antes da prévia. Produtos e campanhas vêm do que está em Mídias e Contextos.","identity","true","deterministic"
"908","CONVERSA_GERAL","me diz dúvida geral 21 sobre painel","Me conta com mais clareza — na FYT ajudo com produtos em Mídias, posts/artes e dados da empresa.","canonical","true","canonical"
"909","ACERVO_LISTA","me diz produtos lista 21","Na FYT posso ajudar com Mídias, posts e informações cadastradas — o que você precisa?","canonical","true","canonical"
"910","VARIACAO","lista whey de chocolate formato feed #72","Sobre isso, na FYT o que importa é o que está em Mídias — quer listar produtos ou montar post?","canonical","true","canonical"
"911","ACERVO_INFO","tem whey de chocolate na loja ref 72?","Não encontrei «whey de chocolate na loja ref 72» cadastrado em Mídias da FYT. Se for produto novo, cadastre a imagem no painel com esse nome.","acervo","true","deterministic"
"912","IDENTIDADE","quem é vc ref 72","Sou o Tuma IA, assistente de criação de artes da FYT. Ajudo com posts e conteúdo pro Instagram — falo como alguém do marketing de vocês.","identity","true","deterministic"
"913","CONVERSA_GERAL","dúvida geral 22 sobre painel","Me conta com mais clareza — na FYT ajudo com produtos em Mídias, posts/artes e dados da empresa.","canonical","true","canonical"
"914","ACERVO_LISTA","produtos lista 22","Na FYT posso ajudar com Mídias, posts e informações cadastradas — o que você precisa?","canonical","true","canonical"
"915","VARIACAO","oi busca monster formato stories #73","Sobre isso, na FYT o que importa é o que está em Mídias — quer listar produtos ou montar post?","canonical","true","canonical"
"916","ACERVO_INFO","oi tem monster na loja ref 73?","Não encontrei «monster na loja ref 73» cadastrado em Mídias da FYT. Se for produto novo, cadastre a imagem no painel com esse nome.","acervo","true","deterministic"
"917","IDENTIDADE","oi qual nome ref 73","Na FYT posso ajudar com Mídias, posts e informações cadastradas — o que você precisa?","canonical","true","canonical"
"918","CONVERSA_GERAL","oi dúvida geral 23 sobre painel","Me conta com mais clareza — na FYT ajudo com produtos em Mídias, posts/artes e dados da empresa.","canonical","true","canonical"
"919","ACERVO_LISTA","oi produtos lista 23","Na FYT posso ajudar com Mídias, posts e informações cadastradas — o que você precisa?","canonical","true","canonical"
"920","VARIACAO","bom dia mostra creatina growth formato 1:1 #74","Sobre isso, na FYT o que importa é o que está em Mídias — quer listar produtos ou montar post?","canonical","true","canonical"
"921","ACERVO_INFO","bom dia tem creatina growth na loja ref 74?","Sim — temos creatina growth no acervo da FYT.","acervo","true","deterministic"
"922","IDENTIDADE","bom dia pra que serve ref 74","Sirvo a FYT no marketing visual: listo produtos das fotos em Mídias, explico a empresa e contextos cadastrados, e monto posts/artes pro Instagram. Quando você pedir uma arte, o painel mostra o resumo antes da prévia.","identity","true","deterministic"
"923","CONVERSA_GERAL","bom dia dúvida geral 24 sobre painel","Me conta com mais clareza — na FYT ajudo com produtos em Mídias, posts/artes e dados da empresa.","canonical","true","canonical"
"924","ACERVO_LISTA","bom dia produtos lista 24","Na FYT posso ajudar com Mídias, posts e informações cadastradas — o que você precisa?","canonical","true","canonical"
"925","VARIACAO","rapidinho cadê powerade formato carrossel #75","Sobre isso, na FYT o que importa é o que está em Mídias — quer listar produtos ou montar post?","canonical","true","canonical"
"926","ACERVO_INFO","rapidinho tem powerade na loja ref 75?","Não encontrei «powerade na loja ref 75» cadastrado em Mídias da FYT. Se for produto novo, cadastre a imagem no painel com esse nome.","acervo","true","deterministic"
"927","IDENTIDADE","rapidinho como funciona ref 75","Você conversa comigo aqui; para arte, o painel da FYT mostra um resumo do pedido antes da prévia. Produtos e campanhas vêm do que está em Mídias e Contextos.","identity","true","deterministic"
"928","CONVERSA_GERAL","rapidinho dúvida geral 25 sobre painel","Me conta com mais clareza — na FYT ajudo com produtos em Mídias, posts/artes e dados da empresa.","canonical","true","canonical"
"929","ACERVO_LISTA","rapidinho produtos lista 0","Na FYT posso ajudar com Mídias, posts e informações cadastradas — o que você precisa?","canonical","true","canonical"
"930","VARIACAO","só tem whey formato reels #76","Não encontrei «whey formato reels #76» cadastrado em Mídias da FYT. Se for produto novo, cadastre a imagem no painel com esse nome.","acervo","true","deterministic"
"931","ACERVO_INFO","só tem whey na loja ref 76?","Não encontrei «whey na loja ref 76» cadastrado em Mídias da FYT. Se for produto novo, cadastre a imagem no painel com esse nome.","acervo","true","deterministic"
"932","IDENTIDADE","só quem é vc ref 76","Sou o Tuma IA, assistente de criação de artes da FYT. Ajudo com posts e conteúdo pro Instagram — falo como alguém do marketing de vocês.","identity","true","deterministic"
"933","CONVERSA_GERAL","só dúvida geral 26 sobre painel","Me conta com mais clareza — na FYT ajudo com produtos em Mídias, posts/artes e dados da empresa.","canonical","true","canonical"
"934","ACERVO_LISTA","só produtos lista 1","Na FYT posso ajudar com Mídias, posts e informações cadastradas — o que você precisa?","canonical","true","canonical"
"935","VARIACAO","me diz info creatina formato banner #77","Sobre isso, na FYT o que importa é o que está em Mídias — quer listar produtos ou montar post?","canonical","true","canonical"
"936","ACERVO_INFO","me diz tem creatina na loja ref 77?","Não encontrei «creatina na loja ref 77» cadastrado em Mídias da FYT. Se for produto novo, cadastre a imagem no painel com esse nome.","acervo","true","deterministic"
"937","IDENTIDADE","me diz qual nome ref 77","Na FYT posso ajudar com Mídias, posts e informações cadastradas — o que você precisa?","canonical","true","canonical"
"938","CONVERSA_GERAL","me diz dúvida geral 27 sobre painel","Me conta com mais clareza — na FYT ajudo com produtos em Mídias, posts/artes e dados da empresa.","canonical","true","canonical"
"939","ACERVO_LISTA","me diz produtos lista 2","Na FYT posso ajudar com Mídias, posts e informações cadastradas — o que você precisa?","canonical","true","canonical"
"940","VARIACAO","detalhe whey de chocolate formato feed #78","Sobre isso, na FYT o que importa é o que está em Mídias — quer listar produtos ou montar post?","canonical","true","canonical"
"941","ACERVO_INFO","tem whey de chocolate na loja ref 78?","Não encontrei «whey de chocolate na loja ref 78» cadastrado em Mídias da FYT. Se for produto novo, cadastre a imagem no painel com esse nome.","acervo","true","deterministic"
"942","IDENTIDADE","pra que serve ref 78","Sirvo a FYT no marketing visual: listo produtos das fotos em Mídias, explico a empresa e contextos cadastrados, e monto posts/artes pro Instagram. Quando você pedir uma arte, o painel mostra o resumo antes da prévia.","identity","true","deterministic"
"943","CONVERSA_GERAL","dúvida geral 28 sobre painel","Me conta com mais clareza — na FYT ajudo com produtos em Mídias, posts/artes e dados da empresa.","canonical","true","canonical"
"944","ACERVO_LISTA","produtos lista 3","Na FYT posso ajudar com Mídias, posts e informações cadastradas — o que você precisa?","canonical","true","canonical"
"945","VARIACAO","oi foto monster formato stories #79","Sobre isso, na FYT o que importa é o que está em Mídias — quer listar produtos ou montar post?","canonical","true","canonical"
"946","ACERVO_INFO","oi tem monster na loja ref 79?","Não encontrei «monster na loja ref 79» cadastrado em Mídias da FYT. Se for produto novo, cadastre a imagem no painel com esse nome.","acervo","true","deterministic"
"947","IDENTIDADE","oi como funciona ref 79","Você conversa comigo aqui; para arte, o painel da FYT mostra um resumo do pedido antes da prévia. Produtos e campanhas vêm do que está em Mídias e Contextos.","identity","true","deterministic"
"948","CONVERSA_GERAL","oi dúvida geral 29 sobre painel","Me conta com mais clareza — na FYT ajudo com produtos em Mídias, posts/artes e dados da empresa.","canonical","true","canonical"
"949","ACERVO_LISTA","oi produtos lista 4","Na FYT posso ajudar com Mídias, posts e informações cadastradas — o que você precisa?","canonical","true","canonical"
"950","VARIACAO","bom dia lista creatina growth formato 1:1 #80","Sobre isso, na FYT o que importa é o que está em Mídias — quer listar produtos ou montar post?","canonical","true","canonical"
"951","ACERVO_INFO","bom dia tem creatina growth na loja ref 80?","Sim — temos creatina growth no acervo da FYT.","acervo","true","deterministic"
"952","IDENTIDADE","bom dia quem é vc ref 80","Sou o Tuma IA, assistente de criação de artes da FYT. Ajudo com posts e conteúdo pro Instagram — falo como alguém do marketing de vocês.","identity","true","deterministic"
"953","CONVERSA_GERAL","bom dia dúvida geral 30 sobre painel","Me conta com mais clareza — na FYT ajudo com produtos em Mídias, posts/artes e dados da empresa.","canonical","true","canonical"
"954","ACERVO_LISTA","bom dia produtos lista 5","Na FYT posso ajudar com Mídias, posts e informações cadastradas — o que você precisa?","canonical","true","canonical"
"955","VARIACAO","rapidinho busca powerade formato carrossel #81","Sobre isso, na FYT o que importa é o que está em Mídias — quer listar produtos ou montar post?","canonical","true","canonical"
"956","ACERVO_INFO","rapidinho tem powerade na loja ref 81?","Não encontrei «powerade na loja ref 81» cadastrado em Mídias da FYT. Se for produto novo, cadastre a imagem no painel com esse nome.","acervo","true","deterministic"
"957","IDENTIDADE","rapidinho qual nome ref 81","Na FYT posso ajudar com Mídias, posts e informações cadastradas — o que você precisa?","canonical","true","canonical"
"958","CONVERSA_GERAL","rapidinho dúvida geral 31 sobre painel","Me conta com mais clareza — na FYT ajudo com produtos em Mídias, posts/artes e dados da empresa.","canonical","true","canonical"
"959","ACERVO_LISTA","rapidinho produtos lista 6","Na FYT posso ajudar com Mídias, posts e informações cadastradas — o que você precisa?","canonical","true","canonical"
"960","VARIACAO","só mostra whey formato reels #82","Sobre isso, na FYT o que importa é o que está em Mídias — quer listar produtos ou montar post?","canonical","true","canonical"
"961","ACERVO_INFO","só tem whey na loja ref 82?","Não encontrei «whey na loja ref 82» cadastrado em Mídias da FYT. Se for produto novo, cadastre a imagem no painel com esse nome.","acervo","true","deterministic"
"962","IDENTIDADE","só pra que serve ref 82","Sirvo a FYT no marketing visual: listo produtos das fotos em Mídias, explico a empresa e contextos cadastrados, e monto posts/artes pro Instagram. Quando você pedir uma arte, o painel mostra o resumo antes da prévia.","identity","true","deterministic"
"963","CONVERSA_GERAL","só dúvida geral 32 sobre painel","Me conta com mais clareza — na FYT ajudo com produtos em Mídias, posts/artes e dados da empresa.","canonical","true","canonical"
"964","ACERVO_LISTA","só produtos lista 7","Na FYT posso ajudar com Mídias, posts e informações cadastradas — o que você precisa?","canonical","true","canonical"
"965","VARIACAO","me diz cadê creatina formato banner #83","Sobre isso, na FYT o que importa é o que está em Mídias — quer listar produtos ou montar post?","canonical","true","canonical"
"966","ACERVO_INFO","me diz tem creatina na loja ref 83?","Não encontrei «creatina na loja ref 83» cadastrado em Mídias da FYT. Se for produto novo, cadastre a imagem no painel com esse nome.","acervo","true","deterministic"
"967","IDENTIDADE","me diz como funciona ref 83","Você conversa comigo aqui; para arte, o painel da FYT mostra um resumo do pedido antes da prévia. Produtos e campanhas vêm do que está em Mídias e Contextos.","identity","true","deterministic"
"968","CONVERSA_GERAL","me diz dúvida geral 33 sobre painel","Me conta com mais clareza — na FYT ajudo com produtos em Mídias, posts/artes e dados da empresa.","canonical","true","canonical"
"969","ACERVO_LISTA","me diz produtos lista 8","Na FYT posso ajudar com Mídias, posts e informações cadastradas — o que você precisa?","canonical","true","canonical"
"970","VARIACAO","tem whey de chocolate formato feed #84","Não encontrei «whey de chocolate formato feed #84» cadastrado em Mídias da FYT. Se for produto novo, cadastre a imagem no painel com esse nome.","acervo","true","deterministic"
"971","ACERVO_INFO","tem whey de chocolate na loja ref 84?","Não encontrei «whey de chocolate na loja ref 84» cadastrado em Mídias da FYT. Se for produto novo, cadastre a imagem no painel com esse nome.","acervo","true","deterministic"
"972","IDENTIDADE","quem é vc ref 84","Sou o Tuma IA, assistente de criação de artes da FYT. Ajudo com posts e conteúdo pro Instagram — falo como alguém do marketing de vocês.","identity","true","deterministic"
"973","CONVERSA_GERAL","dúvida geral 34 sobre painel","Me conta com mais clareza — na FYT ajudo com produtos em Mídias, posts/artes e dados da empresa.","canonical","true","canonical"
"974","ACERVO_LISTA","produtos lista 9","Na FYT posso ajudar com Mídias, posts e informações cadastradas — o que você precisa?","canonical","true","canonical"
"975","VARIACAO","oi info monster formato stories #85","Sobre isso, na FYT o que importa é o que está em Mídias — quer listar produtos ou montar post?","canonical","true","canonical"
"976","ACERVO_INFO","oi tem monster na loja ref 85?","Não encontrei «monster na loja ref 85» cadastrado em Mídias da FYT. Se for produto novo, cadastre a imagem no painel com esse nome.","acervo","true","deterministic"
"977","IDENTIDADE","oi qual nome ref 85","Na FYT posso ajudar com Mídias, posts e informações cadastradas — o que você precisa?","canonical","true","canonical"
"978","CONVERSA_GERAL","oi dúvida geral 35 sobre painel","Me conta com mais clareza — na FYT ajudo com produtos em Mídias, posts/artes e dados da empresa.","canonical","true","canonical"
"979","ACERVO_LISTA","oi produtos lista 10","Na FYT posso ajudar com Mídias, posts e informações cadastradas — o que você precisa?","canonical","true","canonical"
"980","VARIACAO","bom dia detalhe creatina growth formato 1:1 #86","Sobre isso, na FYT o que importa é o que está em Mídias — quer listar produtos ou montar post?","canonical","true","canonical"
"981","ACERVO_INFO","bom dia tem creatina growth na loja ref 86?","Sim — temos creatina growth no acervo da FYT.","acervo","true","deterministic"
"982","IDENTIDADE","bom dia pra que serve ref 86","Sirvo a FYT no marketing visual: listo produtos das fotos em Mídias, explico a empresa e contextos cadastrados, e monto posts/artes pro Instagram. Quando você pedir uma arte, o painel mostra o resumo antes da prévia.","identity","true","deterministic"
"983","CONVERSA_GERAL","bom dia dúvida geral 36 sobre painel","Me conta com mais clareza — na FYT ajudo com produtos em Mídias, posts/artes e dados da empresa.","canonical","true","canonical"
"984","ACERVO_LISTA","bom dia produtos lista 11","Na FYT posso ajudar com Mídias, posts e informações cadastradas — o que você precisa?","canonical","true","canonical"
"985","VARIACAO","rapidinho foto powerade formato carrossel #87","Sobre isso, na FYT o que importa é o que está em Mídias — quer listar produtos ou montar post?","canonical","true","canonical"
"986","ACERVO_INFO","rapidinho tem powerade na loja ref 87?","Não encontrei «powerade na loja ref 87» cadastrado em Mídias da FYT. Se for produto novo, cadastre a imagem no painel com esse nome.","acervo","true","deterministic"
"987","IDENTIDADE","rapidinho como funciona ref 87","Você conversa comigo aqui; para arte, o painel da FYT mostra um resumo do pedido antes da prévia. Produtos e campanhas vêm do que está em Mídias e Contextos.","identity","true","deterministic"
"988","CONVERSA_GERAL","rapidinho dúvida geral 37 sobre painel","Me conta com mais clareza — na FYT ajudo com produtos em Mídias, posts/artes e dados da empresa.","canonical","true","canonical"
"989","ACERVO_LISTA","rapidinho produtos lista 12","Na FYT posso ajudar com Mídias, posts e informações cadastradas — o que você precisa?","canonical","true","canonical"
"990","VARIACAO","só lista whey formato reels #88","Sobre isso, na FYT o que importa é o que está em Mídias — quer listar produtos ou montar post?","canonical","true","canonical"
"991","ACERVO_INFO","só tem whey na loja ref 88?","Não encontrei «whey na loja ref 88» cadastrado em Mídias da FYT. Se for produto novo, cadastre a imagem no painel com esse nome.","acervo","true","deterministic"
"992","IDENTIDADE","só quem é vc ref 88","Sou o Tuma IA, assistente de criação de artes da FYT. Ajudo com posts e conteúdo pro Instagram — falo como alguém do marketing de vocês.","identity","true","deterministic"
"993","CONVERSA_GERAL","só dúvida geral 38 sobre painel","Me conta com mais clareza — na FYT ajudo com produtos em Mídias, posts/artes e dados da empresa.","canonical","true","canonical"
"994","ACERVO_LISTA","só produtos lista 13","Na FYT posso ajudar com Mídias, posts e informações cadastradas — o que você precisa?","canonical","true","canonical"
"995","VARIACAO","me diz busca creatina formato banner #89","Sobre isso, na FYT o que importa é o que está em Mídias — quer listar produtos ou montar post?","canonical","true","canonical"
"996","ACERVO_INFO","me diz tem creatina na loja ref 89?","Não encontrei «creatina na loja ref 89» cadastrado em Mídias da FYT. Se for produto novo, cadastre a imagem no painel com esse nome.","acervo","true","deterministic"
"997","IDENTIDADE","me diz qual nome ref 89","Na FYT posso ajudar com Mídias, posts e informações cadastradas — o que você precisa?","canonical","true","canonical"
"998","CONVERSA_GERAL","me diz dúvida geral 39 sobre painel","Me conta com mais clareza — na FYT ajudo com produtos em Mídias, posts/artes e dados da empresa.","canonical","true","canonical"
"999","ACERVO_LISTA","me diz produtos lista 14","Na FYT posso ajudar com Mídias, posts e informações cadastradas — o que você precisa?","canonical","true","canonical"
"1000","VARIACAO","mostra whey de chocolate formato feed #90","Sobre isso, na FYT o que importa é o que está em Mídias — quer listar produtos ou montar post?","canonical","true","canonical"
"1001","ACERVO_INFO","tem whey de chocolate na loja ref 90?","Não encontrei «whey de chocolate na loja ref 90» cadastrado em Mídias da FYT. Se for produto novo, cadastre a imagem no painel com esse nome.","acervo","true","deterministic"
"1002","IDENTIDADE","pra que serve ref 90","Sirvo a FYT no marketing visual: listo produtos das fotos em Mídias, explico a empresa e contextos cadastrados, e monto posts/artes pro Instagram. Quando você pedir uma arte, o painel mostra o resumo antes da prévia.","identity","true","deterministic"
"1003","CONVERSA_GERAL","dúvida geral 40 sobre painel","Me conta com mais clareza — na FYT ajudo com produtos em Mídias, posts/artes e dados da empresa.","canonical","true","canonical"
"1004","ACERVO_LISTA","produtos lista 15","Na FYT posso ajudar com Mídias, posts e informações cadastradas — o que você precisa?","canonical","true","canonical"
"1005","MULTI_TURNO","oi","Oi! Sou o Tuma IA, assistente de criação de artes da FYT. O que você precisa hoje?","identity","true","deterministic"
"1006","MULTI_TURNO","para oq vc serve","Sirvo a FYT no marketing visual: listo produtos das fotos em Mídias, explico a empresa e contextos cadastrados, e monto posts/artes pro Instagram. Quando você pedir uma arte, o painel mostra o resumo antes da prévia.","identity","true","deterministic"
"1007","MULTI_TURNO","oi","Oi! Sou o Tuma IA, assistente de criação de artes da FYT. O que você precisa hoje?","identity","true","deterministic"
"1008","MULTI_TURNO","quais produtos temos","No acervo da FYT temos 4 produtos:

• creatina growth
• monster
• powerade
• whey de chocolate

Quer montar post de algum deles?","acervo","true","deterministic"
"1009","MULTI_TURNO","bom dia","Bom dia! Sou o Tuma IA, da FYT. O que você precisa hoje?","identity","true","deterministic"
"1010","MULTI_TURNO","qual seu nome","Meu nome é Tuma IA — assistente de criação de artes da FYT.","identity","true","deterministic"
"1011","MULTI_TURNO","valeu","Perfeito! Quando a FYT precisar de algo, é só chamar.","identity","true","deterministic"
"1012","MULTI_TURNO","quais produtos temos?","No acervo da FYT temos 4 produtos:

• creatina growth
• monster
• powerade
• whey de chocolate

Quer montar post de algum deles?","acervo","true","deterministic"
"1013","MULTI_TURNO","tem monster?","Sim — temos monster no acervo da FYT.","acervo","true","deterministic"
"1014","MULTI_TURNO","qual seu nome","Meu nome é Tuma IA — assistente de criação de artes da FYT.","identity","true","deterministic"
"1015","MULTI_TURNO","não era isso só queria seu nome","Desculpa! Meu nome é Tuma IA, da FYT.","identity","true","deterministic"
"1016","MULTI_TURNO","oi","Oi! Sou o Tuma IA, assistente de criação de artes da FYT. O que você precisa hoje?","identity","true","deterministic"
"1017","MULTI_TURNO","que dia é hoje","Hoje é segunda-feira, 1 de junho de 2026 (horário de Brasília, 23:34).","out_of_scope","true","deterministic"
"1018","MULTI_TURNO","que dia é hoje","Hoje é segunda-feira, 1 de junho de 2026 (horário de Brasília, 23:34).","out_of_scope","true","deterministic"
"1019","MULTI_TURNO","quero o dia da semana mes e ano","Hoje é segunda-feira, 1 de junho de 2026 (horário de Brasília, 23:34).","out_of_scope","true","deterministic"
"1020","MULTI_TURNO","tem whey?","Sim — temos whey de chocolate no acervo da FYT.","acervo","true","deterministic"
"1021","MULTI_TURNO","monta post do whey de chocolate","Na FYT posso ajudar com Mídias, posts e informações cadastradas — o que você precisa?","canonical","true","canonical"
"1022","MULTI_TURNO","quais contextos temos?","Temos 2 contextos ativos:

• Black Friday
• Tom de voz","contextos","true","deterministic"
"1023","MULTI_TURNO","black friday","Na FYT posso ajudar com Mídias, posts e informações cadastradas — o que você precisa?","canonical","true","canonical"
"1024","MULTI_TURNO","oi","Oi! Sou o Tuma IA, assistente de criação de artes da FYT. O que você precisa hoje?","identity","true","deterministic"
"1025","MULTI_TURNO","vc consegue","Na FYT posso ajudar com Mídias, posts e informações cadastradas — o que você precisa?","canonical","true","canonical"
"1026","MULTI_TURNO","como pedir post","Na FYT posso ajudar com Mídias, posts e informações cadastradas — o que você precisa?","canonical","true","canonical"
"1027","MULTI_TURNO","fala sobre a empresa","Trabalho com a FYT. segmento: Suplementos e fitness. Loja de suplementos com foco em performance..","empresa","true","deterministic"
"1028","MULTI_TURNO","quais produtos temos","No acervo da FYT temos 4 produtos:

• creatina growth
• monster
• powerade
• whey de chocolate

Quer montar post de algum deles?","acervo","true","deterministic"
"1029","MULTI_TURNO","oi","Oi! Sou o Tuma IA, assistente de criação de artes da FYT. O que você precisa hoje?","identity","true","deterministic"
"1030","MULTI_TURNO","quem é vc","Sou o Tuma IA, assistente de criação de artes da FYT. Ajudo com posts e conteúdo pro Instagram — falo como alguém do marketing de vocês.","identity","true","deterministic"
"1031","MULTI_TURNO","como funciona","Você conversa comigo aqui; para arte, o painel da FYT mostra um resumo do pedido antes da prévia. Produtos e campanhas vêm do que está em Mídias e Contextos.","identity","true","deterministic"
"1032","MULTI_TURNO","oi","Oi! Sou o Tuma IA, assistente de criação de artes da FYT. O que você precisa hoje?","identity","true","deterministic"
"1033","MULTI_TURNO","para oq vc serve","Sirvo a FYT no marketing visual: listo produtos das fotos em Mídias, explico a empresa e contextos cadastrados, e monto posts/artes pro Instagram. Quando você pedir uma arte, o painel mostra o resumo antes da prévia.","identity","true","deterministic"
"1034","MULTI_TURNO","oi","Oi! Sou o Tuma IA, assistente de criação de artes da FYT. O que você precisa hoje?","identity","true","deterministic"
"1035","MULTI_TURNO","quais produtos temos","No acervo da FYT temos 4 produtos:

• creatina growth
• monster
• powerade
• whey de chocolate

Quer montar post de algum deles?","acervo","true","deterministic"
"1036","MULTI_TURNO","bom dia","Bom dia! Sou o Tuma IA, da FYT. O que você precisa hoje?","identity","true","deterministic"
"1037","MULTI_TURNO","qual seu nome","Meu nome é Tuma IA — assistente de criação de artes da FYT.","identity","true","deterministic"
"1038","MULTI_TURNO","valeu","Perfeito! Quando a FYT precisar de algo, é só chamar.","identity","true","deterministic"
"1039","MULTI_TURNO","quais produtos temos?","No acervo da FYT temos 4 produtos:

• creatina growth
• monster
• powerade
• whey de chocolate

Quer montar post de algum deles?","acervo","true","deterministic"
"1040","MULTI_TURNO","tem monster?","Sim — temos monster no acervo da FYT.","acervo","true","deterministic"
"1041","MULTI_TURNO","qual seu nome","Meu nome é Tuma IA — assistente de criação de artes da FYT.","identity","true","deterministic"
"1042","MULTI_TURNO","não era isso só queria seu nome","Desculpa! Meu nome é Tuma IA, da FYT.","identity","true","deterministic"
"1043","MULTI_TURNO","oi","Oi! Sou o Tuma IA, assistente de criação de artes da FYT. O que você precisa hoje?","identity","true","deterministic"
"1044","MULTI_TURNO","que dia é hoje","Hoje é segunda-feira, 1 de junho de 2026 (horário de Brasília, 23:34).","out_of_scope","true","deterministic"
"1045","MULTI_TURNO","que dia é hoje","Hoje é segunda-feira, 1 de junho de 2026 (horário de Brasília, 23:34).","out_of_scope","true","deterministic"
"1046","MULTI_TURNO","quero o dia da semana mes e ano","Hoje é segunda-feira, 1 de junho de 2026 (horário de Brasília, 23:34).","out_of_scope","true","deterministic"
"1047","MULTI_TURNO","tem whey?","Sim — temos whey de chocolate no acervo da FYT.","acervo","true","deterministic"
"1048","MULTI_TURNO","monta post do whey de chocolate","Na FYT posso ajudar com Mídias, posts e informações cadastradas — o que você precisa?","canonical","true","canonical"
"1049","MULTI_TURNO","quais contextos temos?","Temos 2 contextos ativos:

• Black Friday
• Tom de voz","contextos","true","deterministic"
"1050","MULTI_TURNO","black friday","Na FYT posso ajudar com Mídias, posts e informações cadastradas — o que você precisa?","canonical","true","canonical"
"1051","MULTI_TURNO","oi","Oi! Sou o Tuma IA, assistente de criação de artes da FYT. O que você precisa hoje?","identity","true","deterministic"
"1052","MULTI_TURNO","vc consegue","Na FYT posso ajudar com Mídias, posts e informações cadastradas — o que você precisa?","canonical","true","canonical"
"1053","MULTI_TURNO","como pedir post","Na FYT posso ajudar com Mídias, posts e informações cadastradas — o que você precisa?","canonical","true","canonical"
"1054","MULTI_TURNO","fala sobre a empresa","Trabalho com a FYT. segmento: Suplementos e fitness. Loja de suplementos com foco em performance..","empresa","true","deterministic"
"1055","MULTI_TURNO","quais produtos temos","No acervo da FYT temos 4 produtos:

• creatina growth
• monster
• powerade
• whey de chocolate

Quer montar post de algum deles?","acervo","true","deterministic"
"1056","MULTI_TURNO","oi","Oi! Sou o Tuma IA, assistente de criação de artes da FYT. O que você precisa hoje?","identity","true","deterministic"
"1057","MULTI_TURNO","quem é vc","Sou o Tuma IA, assistente de criação de artes da FYT. Ajudo com posts e conteúdo pro Instagram — falo como alguém do marketing de vocês.","identity","true","deterministic"
"1058","MULTI_TURNO","como funciona","Você conversa comigo aqui; para arte, o painel da FYT mostra um resumo do pedido antes da prévia. Produtos e campanhas vêm do que está em Mídias e Contextos.","identity","true","deterministic"
"1059","MULTI_TURNO","oi","Oi! Sou o Tuma IA, assistente de criação de artes da FYT. O que você precisa hoje?","identity","true","deterministic"
"1060","MULTI_TURNO","para oq vc serve","Sirvo a FYT no marketing visual: listo produtos das fotos em Mídias, explico a empresa e contextos cadastrados, e monto posts/artes pro Instagram. Quando você pedir uma arte, o painel mostra o resumo antes da prévia.","identity","true","deterministic"
"1061","MULTI_TURNO","oi","Oi! Sou o Tuma IA, assistente de criação de artes da FYT. O que você precisa hoje?","identity","true","deterministic"
"1062","MULTI_TURNO","quais produtos temos","No acervo da FYT temos 4 produtos:

• creatina growth
• monster
• powerade
• whey de chocolate

Quer montar post de algum deles?","acervo","true","deterministic"
"1063","MULTI_TURNO","bom dia","Bom dia! Sou o Tuma IA, da FYT. O que você precisa hoje?","identity","true","deterministic"
"1064","MULTI_TURNO","qual seu nome","Meu nome é Tuma IA — assistente de criação de artes da FYT.","identity","true","deterministic"
"1065","MULTI_TURNO","valeu","Perfeito! Quando a FYT precisar de algo, é só chamar.","identity","true","deterministic"
"1066","MULTI_TURNO","quais produtos temos?","No acervo da FYT temos 4 produtos:

• creatina growth
• monster
• powerade
• whey de chocolate

Quer montar post de algum deles?","acervo","true","deterministic"
"1067","MULTI_TURNO","tem monster?","Sim — temos monster no acervo da FYT.","acervo","true","deterministic"
"1068","MULTI_TURNO","qual seu nome","Meu nome é Tuma IA — assistente de criação de artes da FYT.","identity","true","deterministic"
"1069","MULTI_TURNO","não era isso só queria seu nome","Desculpa! Meu nome é Tuma IA, da FYT.","identity","true","deterministic"
"1070","MULTI_TURNO","oi","Oi! Sou o Tuma IA, assistente de criação de artes da FYT. O que você precisa hoje?","identity","true","deterministic"
"1071","MULTI_TURNO","que dia é hoje","Hoje é segunda-feira, 1 de junho de 2026 (horário de Brasília, 23:34).","out_of_scope","true","deterministic"
"1072","MULTI_TURNO","que dia é hoje","Hoje é segunda-feira, 1 de junho de 2026 (horário de Brasília, 23:34).","out_of_scope","true","deterministic"
"1073","MULTI_TURNO","quero o dia da semana mes e ano","Hoje é segunda-feira, 1 de junho de 2026 (horário de Brasília, 23:34).","out_of_scope","true","deterministic"
"1074","MULTI_TURNO","tem whey?","Sim — temos whey de chocolate no acervo da FYT.","acervo","true","deterministic"
"1075","MULTI_TURNO","monta post do whey de chocolate","Na FYT posso ajudar com Mídias, posts e informações cadastradas — o que você precisa?","canonical","true","canonical"
"1076","MULTI_TURNO","quais contextos temos?","Temos 2 contextos ativos:

• Black Friday
• Tom de voz","contextos","true","deterministic"
"1077","MULTI_TURNO","black friday","Na FYT posso ajudar com Mídias, posts e informações cadastradas — o que você precisa?","canonical","true","canonical"
"1078","MULTI_TURNO","oi","Oi! Sou o Tuma IA, assistente de criação de artes da FYT. O que você precisa hoje?","identity","true","deterministic"
"1079","MULTI_TURNO","vc consegue","Na FYT posso ajudar com Mídias, posts e informações cadastradas — o que você precisa?","canonical","true","canonical"
"1080","MULTI_TURNO","como pedir post","Na FYT posso ajudar com Mídias, posts e informações cadastradas — o que você precisa?","canonical","true","canonical"
"1081","MULTI_TURNO","fala sobre a empresa","Trabalho com a FYT. segmento: Suplementos e fitness. Loja de suplementos com foco em performance..","empresa","true","deterministic"
"1082","MULTI_TURNO","quais produtos temos","No acervo da FYT temos 4 produtos:

• creatina growth
• monster
• powerade
• whey de chocolate

Quer montar post de algum deles?","acervo","true","deterministic"
"1083","MULTI_TURNO","oi","Oi! Sou o Tuma IA, assistente de criação de artes da FYT. O que você precisa hoje?","identity","true","deterministic"
"1084","MULTI_TURNO","quem é vc","Sou o Tuma IA, assistente de criação de artes da FYT. Ajudo com posts e conteúdo pro Instagram — falo como alguém do marketing de vocês.","identity","true","deterministic"
"1085","MULTI_TURNO","como funciona","Você conversa comigo aqui; para arte, o painel da FYT mostra um resumo do pedido antes da prévia. Produtos e campanhas vêm do que está em Mídias e Contextos.","identity","true","deterministic"
"1086","MULTI_TURNO","oi","Oi! Sou o Tuma IA, assistente de criação de artes da FYT. O que você precisa hoje?","identity","true","deterministic"
"1087","MULTI_TURNO","para oq vc serve","Sirvo a FYT no marketing visual: listo produtos das fotos em Mídias, explico a empresa e contextos cadastrados, e monto posts/artes pro Instagram. Quando você pedir uma arte, o painel mostra o resumo antes da prévia.","identity","true","deterministic"
"1088","MULTI_TURNO","oi","Oi! Sou o Tuma IA, assistente de criação de artes da FYT. O que você precisa hoje?","identity","true","deterministic"
"1089","MULTI_TURNO","quais produtos temos","No acervo da FYT temos 4 produtos:

• creatina growth
• monster
• powerade
• whey de chocolate

Quer montar post de algum deles?","acervo","true","deterministic"
"1090","MULTI_TURNO","bom dia","Bom dia! Sou o Tuma IA, da FYT. O que você precisa hoje?","identity","true","deterministic"
"1091","MULTI_TURNO","qual seu nome","Meu nome é Tuma IA — assistente de criação de artes da FYT.","identity","true","deterministic"
"1092","MULTI_TURNO","valeu","Perfeito! Quando a FYT precisar de algo, é só chamar.","identity","true","deterministic"
"1093","MULTI_TURNO","quais produtos temos?","No acervo da FYT temos 4 produtos:

• creatina growth
• monster
• powerade
• whey de chocolate

Quer montar post de algum deles?","acervo","true","deterministic"
"1094","MULTI_TURNO","tem monster?","Sim — temos monster no acervo da FYT.","acervo","true","deterministic"
"1095","MULTI_TURNO","qual seu nome","Meu nome é Tuma IA — assistente de criação de artes da FYT.","identity","true","deterministic"
"1096","MULTI_TURNO","não era isso só queria seu nome","Desculpa! Meu nome é Tuma IA, da FYT.","identity","true","deterministic"
"1097","MULTI_TURNO","oi","Oi! Sou o Tuma IA, assistente de criação de artes da FYT. O que você precisa hoje?","identity","true","deterministic"
"1098","MULTI_TURNO","que dia é hoje","Hoje é segunda-feira, 1 de junho de 2026 (horário de Brasília, 23:34).","out_of_scope","true","deterministic"
"1099","MULTI_TURNO","que dia é hoje","Hoje é segunda-feira, 1 de junho de 2026 (horário de Brasília, 23:34).","out_of_scope","true","deterministic"
"1100","MULTI_TURNO","quero o dia da semana mes e ano","Hoje é segunda-feira, 1 de junho de 2026 (horário de Brasília, 23:34).","out_of_scope","true","deterministic"
"1101","MULTI_TURNO","tem whey?","Sim — temos whey de chocolate no acervo da FYT.","acervo","true","deterministic"
"1102","MULTI_TURNO","monta post do whey de chocolate","Na FYT posso ajudar com Mídias, posts e informações cadastradas — o que você precisa?","canonical","true","canonical"
"1103","MULTI_TURNO","quais contextos temos?","Temos 2 contextos ativos:

• Black Friday
• Tom de voz","contextos","true","deterministic"
"1104","MULTI_TURNO","black friday","Na FYT posso ajudar com Mídias, posts e informações cadastradas — o que você precisa?","canonical","true","canonical"
"1105","MULTI_TURNO","oi","Oi! Sou o Tuma IA, assistente de criação de artes da FYT. O que você precisa hoje?","identity","true","deterministic"
"1106","MULTI_TURNO","vc consegue","Na FYT posso ajudar com Mídias, posts e informações cadastradas — o que você precisa?","canonical","true","canonical"
"1107","MULTI_TURNO","como pedir post","Na FYT posso ajudar com Mídias, posts e informações cadastradas — o que você precisa?","canonical","true","canonical"
"1108","MULTI_TURNO","fala sobre a empresa","Trabalho com a FYT. segmento: Suplementos e fitness. Loja de suplementos com foco em performance..","empresa","true","deterministic"
"1109","MULTI_TURNO","quais produtos temos","No acervo da FYT temos 4 produtos:

• creatina growth
• monster
• powerade
• whey de chocolate

Quer montar post de algum deles?","acervo","true","deterministic"
"1110","MULTI_TURNO","oi","Oi! Sou o Tuma IA, assistente de criação de artes da FYT. O que você precisa hoje?","identity","true","deterministic"
"1111","MULTI_TURNO","quem é vc","Sou o Tuma IA, assistente de criação de artes da FYT. Ajudo com posts e conteúdo pro Instagram — falo como alguém do marketing de vocês.","identity","true","deterministic"
"1112","MULTI_TURNO","como funciona","Você conversa comigo aqui; para arte, o painel da FYT mostra um resumo do pedido antes da prévia. Produtos e campanhas vêm do que está em Mídias e Contextos.","identity","true","deterministic"
"1113","MULTI_TURNO","oi","Oi! Sou o Tuma IA, assistente de criação de artes da FYT. O que você precisa hoje?","identity","true","deterministic"
"1114","MULTI_TURNO","para oq vc serve","Sirvo a FYT no marketing visual: listo produtos das fotos em Mídias, explico a empresa e contextos cadastrados, e monto posts/artes pro Instagram. Quando você pedir uma arte, o painel mostra o resumo antes da prévia.","identity","true","deterministic"
"1115","MULTI_TURNO","oi","Oi! Sou o Tuma IA, assistente de criação de artes da FYT. O que você precisa hoje?","identity","true","deterministic"
"1116","MULTI_TURNO","quais produtos temos","No acervo da FYT temos 4 produtos:

• creatina growth
• monster
• powerade
• whey de chocolate

Quer montar post de algum deles?","acervo","true","deterministic"
"1117","MULTI_TURNO","bom dia","Bom dia! Sou o Tuma IA, da FYT. O que você precisa hoje?","identity","true","deterministic"
"1118","MULTI_TURNO","qual seu nome","Meu nome é Tuma IA — assistente de criação de artes da FYT.","identity","true","deterministic"
"1119","MULTI_TURNO","valeu","Perfeito! Quando a FYT precisar de algo, é só chamar.","identity","true","deterministic"
"1120","MULTI_TURNO","quais produtos temos?","No acervo da FYT temos 4 produtos:

• creatina growth
• monster
• powerade
• whey de chocolate

Quer montar post de algum deles?","acervo","true","deterministic"
"1121","MULTI_TURNO","tem monster?","Sim — temos monster no acervo da FYT.","acervo","true","deterministic"
"1122","MULTI_TURNO","qual seu nome","Meu nome é Tuma IA — assistente de criação de artes da FYT.","identity","true","deterministic"
"1123","MULTI_TURNO","não era isso só queria seu nome","Desculpa! Meu nome é Tuma IA, da FYT.","identity","true","deterministic"
"1124","MULTI_TURNO","oi","Oi! Sou o Tuma IA, assistente de criação de artes da FYT. O que você precisa hoje?","identity","true","deterministic"
"1125","MULTI_TURNO","que dia é hoje","Hoje é segunda-feira, 1 de junho de 2026 (horário de Brasília, 23:34).","out_of_scope","true","deterministic"
"1126","MULTI_TURNO","que dia é hoje","Hoje é segunda-feira, 1 de junho de 2026 (horário de Brasília, 23:34).","out_of_scope","true","deterministic"
"1127","MULTI_TURNO","quero o dia da semana mes e ano","Hoje é segunda-feira, 1 de junho de 2026 (horário de Brasília, 23:34).","out_of_scope","true","deterministic"
"1128","MULTI_TURNO","tem whey?","Sim — temos whey de chocolate no acervo da FYT.","acervo","true","deterministic"
"1129","MULTI_TURNO","monta post do whey de chocolate","Na FYT posso ajudar com Mídias, posts e informações cadastradas — o que você precisa?","canonical","true","canonical"
"1130","MULTI_TURNO","quais contextos temos?","Temos 2 contextos ativos:

• Black Friday
• Tom de voz","contextos","true","deterministic"
"1131","MULTI_TURNO","black friday","Na FYT posso ajudar com Mídias, posts e informações cadastradas — o que você precisa?","canonical","true","canonical"
"1132","MULTI_TURNO","oi","Oi! Sou o Tuma IA, assistente de criação de artes da FYT. O que você precisa hoje?","identity","true","deterministic"
"1133","MULTI_TURNO","vc consegue","Na FYT posso ajudar com Mídias, posts e informações cadastradas — o que você precisa?","canonical","true","canonical"
"1134","MULTI_TURNO","como pedir post","Na FYT posso ajudar com Mídias, posts e informações cadastradas — o que você precisa?","canonical","true","canonical"
"1135","MULTI_TURNO","fala sobre a empresa","Trabalho com a FYT. segmento: Suplementos e fitness. Loja de suplementos com foco em performance..","empresa","true","deterministic"
"1136","MULTI_TURNO","quais produtos temos","No acervo da FYT temos 4 produtos:

• creatina growth
• monster
• powerade
• whey de chocolate

Quer montar post de algum deles?","acervo","true","deterministic"
"1137","MULTI_TURNO","oi","Oi! Sou o Tuma IA, assistente de criação de artes da FYT. O que você precisa hoje?","identity","true","deterministic"
"1138","MULTI_TURNO","quem é vc","Sou o Tuma IA, assistente de criação de artes da FYT. Ajudo com posts e conteúdo pro Instagram — falo como alguém do marketing de vocês.","identity","true","deterministic"
"1139","MULTI_TURNO","como funciona","Você conversa comigo aqui; para arte, o painel da FYT mostra um resumo do pedido antes da prévia. Produtos e campanhas vêm do que está em Mídias e Contextos.","identity","true","deterministic"
"1140","MULTI_TURNO","oi","Oi! Sou o Tuma IA, assistente de criação de artes da FYT. O que você precisa hoje?","identity","true","deterministic"
"1141","MULTI_TURNO","para oq vc serve","Sirvo a FYT no marketing visual: listo produtos das fotos em Mídias, explico a empresa e contextos cadastrados, e monto posts/artes pro Instagram. Quando você pedir uma arte, o painel mostra o resumo antes da prévia.","identity","true","deterministic"
"1142","MULTI_TURNO","oi","Oi! Sou o Tuma IA, assistente de criação de artes da FYT. O que você precisa hoje?","identity","true","deterministic"
"1143","MULTI_TURNO","quais produtos temos","No acervo da FYT temos 4 produtos:

• creatina growth
• monster
• powerade
• whey de chocolate

Quer montar post de algum deles?","acervo","true","deterministic"
"1144","MULTI_TURNO","bom dia","Bom dia! Sou o Tuma IA, da FYT. O que você precisa hoje?","identity","true","deterministic"
"1145","MULTI_TURNO","qual seu nome","Meu nome é Tuma IA — assistente de criação de artes da FYT.","identity","true","deterministic"
"1146","MULTI_TURNO","valeu","Perfeito! Quando a FYT precisar de algo, é só chamar.","identity","true","deterministic"
"1147","MULTI_TURNO","quais produtos temos?","No acervo da FYT temos 4 produtos:

• creatina growth
• monster
• powerade
• whey de chocolate

Quer montar post de algum deles?","acervo","true","deterministic"
"1148","MULTI_TURNO","tem monster?","Sim — temos monster no acervo da FYT.","acervo","true","deterministic"
"1149","MULTI_TURNO","qual seu nome","Meu nome é Tuma IA — assistente de criação de artes da FYT.","identity","true","deterministic"
"1150","MULTI_TURNO","não era isso só queria seu nome","Desculpa! Meu nome é Tuma IA, da FYT.","identity","true","deterministic"
"1151","MULTI_TURNO","oi","Oi! Sou o Tuma IA, assistente de criação de artes da FYT. O que você precisa hoje?","identity","true","deterministic"
"1152","MULTI_TURNO","que dia é hoje","Hoje é segunda-feira, 1 de junho de 2026 (horário de Brasília, 23:34).","out_of_scope","true","deterministic"
"1153","MULTI_TURNO","que dia é hoje","Hoje é segunda-feira, 1 de junho de 2026 (horário de Brasília, 23:34).","out_of_scope","true","deterministic"
"1154","MULTI_TURNO","quero o dia da semana mes e ano","Hoje é segunda-feira, 1 de junho de 2026 (horário de Brasília, 23:34).","out_of_scope","true","deterministic"
"1155","MULTI_TURNO","tem whey?","Sim — temos whey de chocolate no acervo da FYT.","acervo","true","deterministic"
"1156","MULTI_TURNO","monta post do whey de chocolate","Na FYT posso ajudar com Mídias, posts e informações cadastradas — o que você precisa?","canonical","true","canonical"
"1157","MULTI_TURNO","quais contextos temos?","Temos 2 contextos ativos:

• Black Friday
• Tom de voz","contextos","true","deterministic"
"1158","MULTI_TURNO","black friday","Na FYT posso ajudar com Mídias, posts e informações cadastradas — o que você precisa?","canonical","true","canonical"
"1159","MULTI_TURNO","oi","Oi! Sou o Tuma IA, assistente de criação de artes da FYT. O que você precisa hoje?","identity","true","deterministic"
"1160","MULTI_TURNO","vc consegue","Na FYT posso ajudar com Mídias, posts e informações cadastradas — o que você precisa?","canonical","true","canonical"
"1161","MULTI_TURNO","como pedir post","Na FYT posso ajudar com Mídias, posts e informações cadastradas — o que você precisa?","canonical","true","canonical"
"1162","MULTI_TURNO","fala sobre a empresa","Trabalho com a FYT. segmento: Suplementos e fitness. Loja de suplementos com foco em performance..","empresa","true","deterministic"
"1163","MULTI_TURNO","quais produtos temos","No acervo da FYT temos 4 produtos:

• creatina growth
• monster
• powerade
• whey de chocolate

Quer montar post de algum deles?","acervo","true","deterministic"
"1164","MULTI_TURNO","oi","Oi! Sou o Tuma IA, assistente de criação de artes da FYT. O que você precisa hoje?","identity","true","deterministic"
"1165","MULTI_TURNO","quem é vc","Sou o Tuma IA, assistente de criação de artes da FYT. Ajudo com posts e conteúdo pro Instagram — falo como alguém do marketing de vocês.","identity","true","deterministic"
"1166","MULTI_TURNO","como funciona","Você conversa comigo aqui; para arte, o painel da FYT mostra um resumo do pedido antes da prévia. Produtos e campanhas vêm do que está em Mídias e Contextos.","identity","true","deterministic"
"1167","MULTI_TURNO","oi","Oi! Sou o Tuma IA, assistente de criação de artes da FYT. O que você precisa hoje?","identity","true","deterministic"
"1168","MULTI_TURNO","para oq vc serve","Sirvo a FYT no marketing visual: listo produtos das fotos em Mídias, explico a empresa e contextos cadastrados, e monto posts/artes pro Instagram. Quando você pedir uma arte, o painel mostra o resumo antes da prévia.","identity","true","deterministic"
"1169","MULTI_TURNO","oi","Oi! Sou o Tuma IA, assistente de criação de artes da FYT. O que você precisa hoje?","identity","true","deterministic"
"1170","MULTI_TURNO","quais produtos temos","No acervo da FYT temos 4 produtos:

• creatina growth
• monster
• powerade
• whey de chocolate

Quer montar post de algum deles?","acervo","true","deterministic"
"1171","MULTI_TURNO","bom dia","Bom dia! Sou o Tuma IA, da FYT. O que você precisa hoje?","identity","true","deterministic"
"1172","MULTI_TURNO","qual seu nome","Meu nome é Tuma IA — assistente de criação de artes da FYT.","identity","true","deterministic"
"1173","MULTI_TURNO","valeu","Perfeito! Quando a FYT precisar de algo, é só chamar.","identity","true","deterministic"
"1174","MULTI_TURNO","quais produtos temos?","No acervo da FYT temos 4 produtos:

• creatina growth
• monster
• powerade
• whey de chocolate

Quer montar post de algum deles?","acervo","true","deterministic"
"1175","MULTI_TURNO","tem monster?","Sim — temos monster no acervo da FYT.","acervo","true","deterministic"
"1176","MULTI_TURNO","qual seu nome","Meu nome é Tuma IA — assistente de criação de artes da FYT.","identity","true","deterministic"
"1177","MULTI_TURNO","não era isso só queria seu nome","Desculpa! Meu nome é Tuma IA, da FYT.","identity","true","deterministic"
"1178","MULTI_TURNO","oi","Oi! Sou o Tuma IA, assistente de criação de artes da FYT. O que você precisa hoje?","identity","true","deterministic"
"1179","MULTI_TURNO","que dia é hoje","Hoje é segunda-feira, 1 de junho de 2026 (horário de Brasília, 23:34).","out_of_scope","true","deterministic"
"1180","MULTI_TURNO","que dia é hoje","Hoje é segunda-feira, 1 de junho de 2026 (horário de Brasília, 23:34).","out_of_scope","true","deterministic"
"1181","MULTI_TURNO","quero o dia da semana mes e ano","Hoje é segunda-feira, 1 de junho de 2026 (horário de Brasília, 23:34).","out_of_scope","true","deterministic"
"1182","MULTI_TURNO","tem whey?","Sim — temos whey de chocolate no acervo da FYT.","acervo","true","deterministic"
"1183","MULTI_TURNO","monta post do whey de chocolate","Na FYT posso ajudar com Mídias, posts e informações cadastradas — o que você precisa?","canonical","true","canonical"
"1184","MULTI_TURNO","quais contextos temos?","Temos 2 contextos ativos:

• Black Friday
• Tom de voz","contextos","true","deterministic"
"1185","MULTI_TURNO","black friday","Na FYT posso ajudar com Mídias, posts e informações cadastradas — o que você precisa?","canonical","true","canonical"
"1186","MULTI_TURNO","oi","Oi! Sou o Tuma IA, assistente de criação de artes da FYT. O que você precisa hoje?","identity","true","deterministic"
"1187","MULTI_TURNO","vc consegue","Na FYT posso ajudar com Mídias, posts e informações cadastradas — o que você precisa?","canonical","true","canonical"
"1188","MULTI_TURNO","como pedir post","Na FYT posso ajudar com Mídias, posts e informações cadastradas — o que você precisa?","canonical","true","canonical"
"1189","MULTI_TURNO","fala sobre a empresa","Trabalho com a FYT. segmento: Suplementos e fitness. Loja de suplementos com foco em performance..","empresa","true","deterministic"
"1190","MULTI_TURNO","quais produtos temos","No acervo da FYT temos 4 produtos:

• creatina growth
• monster
• powerade
• whey de chocolate

Quer montar post de algum deles?","acervo","true","deterministic"
"1191","MULTI_TURNO","oi","Oi! Sou o Tuma IA, assistente de criação de artes da FYT. O que você precisa hoje?","identity","true","deterministic"
"1192","MULTI_TURNO","quem é vc","Sou o Tuma IA, assistente de criação de artes da FYT. Ajudo com posts e conteúdo pro Instagram — falo como alguém do marketing de vocês.","identity","true","deterministic"
"1193","MULTI_TURNO","como funciona","Você conversa comigo aqui; para arte, o painel da FYT mostra um resumo do pedido antes da prévia. Produtos e campanhas vêm do que está em Mídias e Contextos.","identity","true","deterministic"
"1194","MULTI_TURNO","oi","Oi! Sou o Tuma IA, assistente de criação de artes da FYT. O que você precisa hoje?","identity","true","deterministic"
"1195","MULTI_TURNO","para oq vc serve","Sirvo a FYT no marketing visual: listo produtos das fotos em Mídias, explico a empresa e contextos cadastrados, e monto posts/artes pro Instagram. Quando você pedir uma arte, o painel mostra o resumo antes da prévia.","identity","true","deterministic"
"1196","MULTI_TURNO","oi","Oi! Sou o Tuma IA, assistente de criação de artes da FYT. O que você precisa hoje?","identity","true","deterministic"
"1197","MULTI_TURNO","quais produtos temos","No acervo da FYT temos 4 produtos:

• creatina growth
• monster
• powerade
• whey de chocolate

Quer montar post de algum deles?","acervo","true","deterministic"
"1198","MULTI_TURNO","bom dia","Bom dia! Sou o Tuma IA, da FYT. O que você precisa hoje?","identity","true","deterministic"
"1199","MULTI_TURNO","qual seu nome","Meu nome é Tuma IA — assistente de criação de artes da FYT.","identity","true","deterministic"
"1200","MULTI_TURNO","valeu","Perfeito! Quando a FYT precisar de algo, é só chamar.","identity","true","deterministic"
"1201","MULTI_TURNO","quais produtos temos?","No acervo da FYT temos 4 produtos:

• creatina growth
• monster
• powerade
• whey de chocolate

Quer montar post de algum deles?","acervo","true","deterministic"
"1202","MULTI_TURNO","tem monster?","Sim — temos monster no acervo da FYT.","acervo","true","deterministic"
"1203","MULTI_TURNO","qual seu nome","Meu nome é Tuma IA — assistente de criação de artes da FYT.","identity","true","deterministic"
"1204","MULTI_TURNO","não era isso só queria seu nome","Desculpa! Meu nome é Tuma IA, da FYT.","identity","true","deterministic"
"1205","MULTI_TURNO","oi","Oi! Sou o Tuma IA, assistente de criação de artes da FYT. O que você precisa hoje?","identity","true","deterministic"
"1206","MULTI_TURNO","que dia é hoje","Hoje é segunda-feira, 1 de junho de 2026 (horário de Brasília, 23:34).","out_of_scope","true","deterministic"
"1207","MULTI_TURNO","que dia é hoje","Hoje é segunda-feira, 1 de junho de 2026 (horário de Brasília, 23:34).","out_of_scope","true","deterministic"
"1208","MULTI_TURNO","quero o dia da semana mes e ano","Hoje é segunda-feira, 1 de junho de 2026 (horário de Brasília, 23:34).","out_of_scope","true","deterministic"
"1209","MULTI_TURNO","tem whey?","Sim — temos whey de chocolate no acervo da FYT.","acervo","true","deterministic"
"1210","MULTI_TURNO","monta post do whey de chocolate","Na FYT posso ajudar com Mídias, posts e informações cadastradas — o que você precisa?","canonical","true","canonical"
"1211","MULTI_TURNO","quais contextos temos?","Temos 2 contextos ativos:

• Black Friday
• Tom de voz","contextos","true","deterministic"
"1212","MULTI_TURNO","black friday","Na FYT posso ajudar com Mídias, posts e informações cadastradas — o que você precisa?","canonical","true","canonical"
"1213","MULTI_TURNO","oi","Oi! Sou o Tuma IA, assistente de criação de artes da FYT. O que você precisa hoje?","identity","true","deterministic"
"1214","MULTI_TURNO","vc consegue","Na FYT posso ajudar com Mídias, posts e informações cadastradas — o que você precisa?","canonical","true","canonical"
"1215","MULTI_TURNO","como pedir post","Na FYT posso ajudar com Mídias, posts e informações cadastradas — o que você precisa?","canonical","true","canonical"
"1216","MULTI_TURNO","fala sobre a empresa","Trabalho com a FYT. segmento: Suplementos e fitness. Loja de suplementos com foco em performance..","empresa","true","deterministic"
"1217","MULTI_TURNO","quais produtos temos","No acervo da FYT temos 4 produtos:

• creatina growth
• monster
• powerade
• whey de chocolate

Quer montar post de algum deles?","acervo","true","deterministic"
"1218","MULTI_TURNO","oi","Oi! Sou o Tuma IA, assistente de criação de artes da FYT. O que você precisa hoje?","identity","true","deterministic"
"1219","MULTI_TURNO","quem é vc","Sou o Tuma IA, assistente de criação de artes da FYT. Ajudo com posts e conteúdo pro Instagram — falo como alguém do marketing de vocês.","identity","true","deterministic"
"1220","MULTI_TURNO","como funciona","Você conversa comigo aqui; para arte, o painel da FYT mostra um resumo do pedido antes da prévia. Produtos e campanhas vêm do que está em Mídias e Contextos.","identity","true","deterministic"
"1221","MULTI_TURNO","oi","Oi! Sou o Tuma IA, assistente de criação de artes da FYT. O que você precisa hoje?","identity","true","deterministic"
"1222","MULTI_TURNO","para oq vc serve","Sirvo a FYT no marketing visual: listo produtos das fotos em Mídias, explico a empresa e contextos cadastrados, e monto posts/artes pro Instagram. Quando você pedir uma arte, o painel mostra o resumo antes da prévia.","identity","true","deterministic"
"1223","MULTI_TURNO","oi","Oi! Sou o Tuma IA, assistente de criação de artes da FYT. O que você precisa hoje?","identity","true","deterministic"
"1224","MULTI_TURNO","quais produtos temos","No acervo da FYT temos 4 produtos:

• creatina growth
• monster
• powerade
• whey de chocolate

Quer montar post de algum deles?","acervo","true","deterministic"
"1225","MULTI_TURNO","bom dia","Bom dia! Sou o Tuma IA, da FYT. O que você precisa hoje?","identity","true","deterministic"
"1226","MULTI_TURNO","qual seu nome","Meu nome é Tuma IA — assistente de criação de artes da FYT.","identity","true","deterministic"
"1227","MULTI_TURNO","valeu","Perfeito! Quando a FYT precisar de algo, é só chamar.","identity","true","deterministic"
"1228","MULTI_TURNO","quais produtos temos?","No acervo da FYT temos 4 produtos:

• creatina growth
• monster
• powerade
• whey de chocolate

Quer montar post de algum deles?","acervo","true","deterministic"
"1229","MULTI_TURNO","tem monster?","Sim — temos monster no acervo da FYT.","acervo","true","deterministic"
"1230","MULTI_TURNO","qual seu nome","Meu nome é Tuma IA — assistente de criação de artes da FYT.","identity","true","deterministic"
"1231","MULTI_TURNO","não era isso só queria seu nome","Desculpa! Meu nome é Tuma IA, da FYT.","identity","true","deterministic"
"1232","MULTI_TURNO","oi","Oi! Sou o Tuma IA, assistente de criação de artes da FYT. O que você precisa hoje?","identity","true","deterministic"
"1233","MULTI_TURNO","que dia é hoje","Hoje é segunda-feira, 1 de junho de 2026 (horário de Brasília, 23:34).","out_of_scope","true","deterministic"
"1234","MULTI_TURNO","que dia é hoje","Hoje é segunda-feira, 1 de junho de 2026 (horário de Brasília, 23:34).","out_of_scope","true","deterministic"
"1235","MULTI_TURNO","quero o dia da semana mes e ano","Hoje é segunda-feira, 1 de junho de 2026 (horário de Brasília, 23:34).","out_of_scope","true","deterministic"
"1236","MULTI_TURNO","tem whey?","Sim — temos whey de chocolate no acervo da FYT.","acervo","true","deterministic"
"1237","MULTI_TURNO","monta post do whey de chocolate","Na FYT posso ajudar com Mídias, posts e informações cadastradas — o que você precisa?","canonical","true","canonical"
"1238","MULTI_TURNO","quais contextos temos?","Temos 2 contextos ativos:

• Black Friday
• Tom de voz","contextos","true","deterministic"
"1239","MULTI_TURNO","black friday","Na FYT posso ajudar com Mídias, posts e informações cadastradas — o que você precisa?","canonical","true","canonical"
"1240","MULTI_TURNO","oi","Oi! Sou o Tuma IA, assistente de criação de artes da FYT. O que você precisa hoje?","identity","true","deterministic"
"1241","MULTI_TURNO","vc consegue","Na FYT posso ajudar com Mídias, posts e informações cadastradas — o que você precisa?","canonical","true","canonical"
"1242","MULTI_TURNO","como pedir post","Na FYT posso ajudar com Mídias, posts e informações cadastradas — o que você precisa?","canonical","true","canonical"
"1243","MULTI_TURNO","fala sobre a empresa","Trabalho com a FYT. segmento: Suplementos e fitness. Loja de suplementos com foco em performance..","empresa","true","deterministic"
"1244","MULTI_TURNO","quais produtos temos","No acervo da FYT temos 4 produtos:

• creatina growth
• monster
• powerade
• whey de chocolate

Quer montar post de algum deles?","acervo","true","deterministic"
"1245","MULTI_TURNO","oi","Oi! Sou o Tuma IA, assistente de criação de artes da FYT. O que você precisa hoje?","identity","true","deterministic"
"1246","MULTI_TURNO","quem é vc","Sou o Tuma IA, assistente de criação de artes da FYT. Ajudo com posts e conteúdo pro Instagram — falo como alguém do marketing de vocês.","identity","true","deterministic"
"1247","MULTI_TURNO","como funciona","Você conversa comigo aqui; para arte, o painel da FYT mostra um resumo do pedido antes da prévia. Produtos e campanhas vêm do que está em Mídias e Contextos.","identity","true","deterministic"
"1248","MULTI_TURNO","oi","Oi! Sou o Tuma IA, assistente de criação de artes da FYT. O que você precisa hoje?","identity","true","deterministic"
"1249","MULTI_TURNO","para oq vc serve","Sirvo a FYT no marketing visual: listo produtos das fotos em Mídias, explico a empresa e contextos cadastrados, e monto posts/artes pro Instagram. Quando você pedir uma arte, o painel mostra o resumo antes da prévia.","identity","true","deterministic"
"1250","MULTI_TURNO","oi","Oi! Sou o Tuma IA, assistente de criação de artes da FYT. O que você precisa hoje?","identity","true","deterministic"
"1251","MULTI_TURNO","quais produtos temos","No acervo da FYT temos 4 produtos:

• creatina growth
• monster
• powerade
• whey de chocolate

Quer montar post de algum deles?","acervo","true","deterministic"
"1252","MULTI_TURNO","bom dia","Bom dia! Sou o Tuma IA, da FYT. O que você precisa hoje?","identity","true","deterministic"
"1253","MULTI_TURNO","qual seu nome","Meu nome é Tuma IA — assistente de criação de artes da FYT.","identity","true","deterministic"
"1254","MULTI_TURNO","valeu","Perfeito! Quando a FYT precisar de algo, é só chamar.","identity","true","deterministic"
"1255","MULTI_TURNO","quais produtos temos?","No acervo da FYT temos 4 produtos:

• creatina growth
• monster
• powerade
• whey de chocolate

Quer montar post de algum deles?","acervo","true","deterministic"
"1256","MULTI_TURNO","tem monster?","Sim — temos monster no acervo da FYT.","acervo","true","deterministic"
"1257","MULTI_TURNO","qual seu nome","Meu nome é Tuma IA — assistente de criação de artes da FYT.","identity","true","deterministic"
"1258","MULTI_TURNO","não era isso só queria seu nome","Desculpa! Meu nome é Tuma IA, da FYT.","identity","true","deterministic"
"1259","MULTI_TURNO","oi","Oi! Sou o Tuma IA, assistente de criação de artes da FYT. O que você precisa hoje?","identity","true","deterministic"
"1260","MULTI_TURNO","que dia é hoje","Hoje é segunda-feira, 1 de junho de 2026 (horário de Brasília, 23:34).","out_of_scope","true","deterministic"
"1261","MULTI_TURNO","que dia é hoje","Hoje é segunda-feira, 1 de junho de 2026 (horário de Brasília, 23:34).","out_of_scope","true","deterministic"
"1262","MULTI_TURNO","quero o dia da semana mes e ano","Hoje é segunda-feira, 1 de junho de 2026 (horário de Brasília, 23:34).","out_of_scope","true","deterministic"
"1263","MULTI_TURNO","tem whey?","Sim — temos whey de chocolate no acervo da FYT.","acervo","true","deterministic"
"1264","MULTI_TURNO","monta post do whey de chocolate","Na FYT posso ajudar com Mídias, posts e informações cadastradas — o que você precisa?","canonical","true","canonical"
"1265","MULTI_TURNO","quais contextos temos?","Temos 2 contextos ativos:

• Black Friday
• Tom de voz","contextos","true","deterministic"
"1266","MULTI_TURNO","black friday","Na FYT posso ajudar com Mídias, posts e informações cadastradas — o que você precisa?","canonical","true","canonical"
"1267","MULTI_TURNO","oi","Oi! Sou o Tuma IA, assistente de criação de artes da FYT. O que você precisa hoje?","identity","true","deterministic"
"1268","MULTI_TURNO","vc consegue","Na FYT posso ajudar com Mídias, posts e informações cadastradas — o que você precisa?","canonical","true","canonical"
"1269","MULTI_TURNO","como pedir post","Na FYT posso ajudar com Mídias, posts e informações cadastradas — o que você precisa?","canonical","true","canonical"
"1270","MULTI_TURNO","fala sobre a empresa","Trabalho com a FYT. segmento: Suplementos e fitness. Loja de suplementos com foco em performance..","empresa","true","deterministic"
"1271","MULTI_TURNO","quais produtos temos","No acervo da FYT temos 4 produtos:

• creatina growth
• monster
• powerade
• whey de chocolate

Quer montar post de algum deles?","acervo","true","deterministic"
"1272","MULTI_TURNO","oi","Oi! Sou o Tuma IA, assistente de criação de artes da FYT. O que você precisa hoje?","identity","true","deterministic"
"1273","MULTI_TURNO","quem é vc","Sou o Tuma IA, assistente de criação de artes da FYT. Ajudo com posts e conteúdo pro Instagram — falo como alguém do marketing de vocês.","identity","true","deterministic"
"1274","MULTI_TURNO","como funciona","Você conversa comigo aqui; para arte, o painel da FYT mostra um resumo do pedido antes da prévia. Produtos e campanhas vêm do que está em Mídias e Contextos.","identity","true","deterministic"
